-- phpMyAdmin SQL Dump
-- version 4.7.0
-- https://www.phpmyadmin.net/
--
-- Host: 127.0.0.1
-- Generation Time: Dec 04, 2017 at 11:17 PM
-- Server version: 10.1.25-MariaDB
-- PHP Version: 7.1.7

SET SQL_MODE = "NO_AUTO_VALUE_ON_ZERO";
SET AUTOCOMMIT = 0;
START TRANSACTION;
SET time_zone = "+00:00";


/*!40101 SET @OLD_CHARACTER_SET_CLIENT=@@CHARACTER_SET_CLIENT */;
/*!40101 SET @OLD_CHARACTER_SET_RESULTS=@@CHARACTER_SET_RESULTS */;
/*!40101 SET @OLD_COLLATION_CONNECTION=@@COLLATION_CONNECTION */;
/*!40101 SET NAMES utf8mb4 */;

--
-- Database: `capacitacion_en_linea`
--

-- --------------------------------------------------------

--
-- Table structure for table `area`
--

CREATE TABLE `area` (
  `idarea` int(11) NOT NULL,
  `nombre` varchar(15) NOT NULL
) ENGINE=InnoDB DEFAULT CHARSET=latin1;

--
-- Dumping data for table `area`
--

INSERT INTO `area` (`idarea`, `nombre`) VALUES
(1, 'TEF'),
(2, 'MSE-FS'),
(3, 'MSE-LPS'),
(4, 'MSE-WS'),
(5, 'MSE-SH'),
(6, 'MSE-CA1'),
(7, 'MSE-CA2'),
(8, 'MSE-CA3'),
(9, 'MSE-PA'),
(10, 'MSE-TS1'),
(11, 'MSE-TC1'),
(12, 'MSE-TC2'),
(13, 'QMM-GS'),
(14, 'QMM-QS'),
(15, 'QMM-WS-TS'),
(16, 'QMM-WS1-TS1'),
(17, 'QMM-TS'),
(18, 'QMM-AT'),
(19, 'QMM-LAB1'),
(20, 'QMM-LAB2'),
(21, 'MSE-TS2'),
(22, 'MSE-TS3'),
(23, 'MSE-TS4'),
(24, 'TLP/ICO'),
(25, 'MSE-TC3'),
(26, 'FCM'),
(27, 'PJ-TC'),
(28, 'LOW-RMA'),
(29, 'LOW-AMD'),
(30, 'MSE-TC4'),
(31, 'PJ-PT'),
(32, 'LOW-APE'),
(33, 'ATMO'),
(34, 'MSG'),
(35, 'QMM-ED'),
(36, 'DSO-MX');

-- --------------------------------------------------------

--
-- Table structure for table `calificacion`
--

CREATE TABLE `calificacion` (
  `idcalificacion` int(11) NOT NULL,
  `calificacion` int(11) NOT NULL,
  `idexamen` int(11) NOT NULL,
  `no_empleado` int(11) NOT NULL,
  `idestatus` int(11) NOT NULL,
  `fecha` date NOT NULL,
  `idarea` int(11) NOT NULL
) ENGINE=InnoDB DEFAULT CHARSET=latin1;

--
-- Dumping data for table `calificacion`
--

INSERT INTO `calificacion` (`idcalificacion`, `calificacion`, `idexamen`, `no_empleado`, `idestatus`, `fecha`, `idarea`) VALUES
(2, 50, 3, 89, 2, '2017-11-01', 10),
(3, 70, 3, 89, 2, '2017-11-01', 10),
(4, 50, 3, 89, 2, '2017-11-01', 10),
(5, 60, 3, 89, 2, '2017-11-01', 10),
(6, 90, 3, 89, 1, '2017-11-01', 10),
(7, 80, 3, 95, 1, '2017-11-01', 7),
(8, 50, 3, 96, 2, '2017-11-01', 7),
(9, 80, 3, 96, 1, '2017-11-01', 7),
(10, 60, 3, 104, 2, '2017-11-01', 4),
(11, 50, 3, 104, 2, '2017-11-01', 4),
(12, 60, 3, 115, 2, '2017-11-03', 28),
(13, 80, 3, 115, 1, '2017-11-03', 28),
(14, 90, 3, 116, 1, '2017-11-04', 7),
(15, 60, 3, 118, 2, '2017-11-05', 8),
(16, 70, 3, 118, 2, '2017-11-05', 8),
(17, 80, 3, 118, 1, '2017-11-05', 8),
(18, 90, 3, 120, 1, '2017-11-06', 5),
(19, 70, 3, 122, 2, '2017-11-06', 22),
(20, 70, 3, 122, 2, '2017-11-06', 22),
(21, 70, 3, 122, 2, '2017-11-06', 22),
(22, 70, 3, 122, 2, '2017-11-06', 22),
(23, 80, 3, 122, 1, '2017-11-06', 22),
(24, 80, 3, 123, 1, '2017-11-06', 27),
(25, 80, 3, 128, 1, '2017-11-06', 8),
(26, 40, 3, 137, 2, '2017-11-06', 1),
(27, 60, 3, 137, 2, '2017-11-06', 1),
(28, 50, 3, 137, 2, '2017-11-06', 1),
(29, 80, 3, 137, 1, '2017-11-06', 1),
(30, 50, 3, 141, 2, '2017-11-06', 7),
(31, 60, 3, 141, 2, '2017-11-06', 7),
(32, 70, 3, 141, 2, '2017-11-06', 7),
(33, 70, 3, 133, 2, '2017-11-06', 13),
(34, 90, 3, 141, 1, '2017-11-06', 7),
(35, 60, 3, 138, 2, '2017-11-06', 2),
(36, 80, 3, 139, 1, '2017-11-06', 1),
(37, 100, 3, 138, 1, '2017-11-06', 2),
(38, 50, 3, 140, 2, '2017-11-06', 14),
(39, 90, 3, 140, 1, '2017-11-06', 14),
(40, 80, 3, 152, 1, '2017-11-06', 2),
(41, 50, 3, 151, 2, '2017-11-06', 22),
(42, 60, 3, 145, 2, '2017-11-06', 23),
(43, 70, 3, 151, 2, '2017-11-06', 22),
(44, 50, 3, 151, 2, '2017-11-06', 22),
(45, 80, 3, 151, 1, '2017-11-06', 22),
(46, 80, 3, 143, 1, '2017-11-06', 1),
(47, 60, 3, 145, 2, '2017-11-06', 23),
(48, 60, 3, 156, 2, '2017-11-06', 4),
(49, 50, 3, 156, 2, '2017-11-06', 4),
(50, 40, 3, 156, 2, '2017-11-06', 4),
(51, 70, 3, 156, 2, '2017-11-06', 4),
(52, 50, 3, 156, 2, '2017-11-06', 4),
(53, 90, 3, 156, 1, '2017-11-06', 4),
(54, 90, 3, 160, 1, '2017-11-06', 4),
(55, 70, 3, 161, 2, '2017-11-06', 5),
(56, 40, 3, 161, 2, '2017-11-06', 5),
(57, 90, 3, 161, 1, '2017-11-06', 5),
(58, 70, 3, 164, 2, '2017-11-07', 5),
(59, 60, 3, 164, 2, '2017-11-07', 5),
(60, 60, 3, 164, 2, '2017-11-07', 5),
(61, 60, 3, 164, 2, '2017-11-07', 5),
(62, 60, 3, 164, 2, '2017-11-07', 5),
(63, 50, 3, 164, 2, '2017-11-07', 5),
(64, 50, 3, 164, 2, '2017-11-07', 5),
(65, 60, 3, 162, 2, '2017-11-07', 13),
(66, 90, 3, 164, 1, '2017-11-07', 5),
(67, 70, 3, 162, 2, '2017-11-07', 13),
(68, 60, 3, 167, 2, '2017-11-07', 8),
(69, 80, 3, 162, 1, '2017-11-07', 13),
(70, 60, 3, 167, 2, '2017-11-07', 8),
(71, 60, 3, 167, 2, '2017-11-07', 8),
(72, 70, 3, 167, 2, '2017-11-07', 8),
(73, 90, 3, 165, 1, '2017-11-07', 4),
(74, 60, 3, 167, 2, '2017-11-07', 8),
(75, 80, 3, 167, 1, '2017-11-07', 8),
(76, 50, 3, 168, 2, '2017-11-07', 11),
(77, 0, 3, 168, 2, '2017-11-07', 11),
(78, 50, 3, 168, 2, '2017-11-07', 11),
(79, 50, 3, 168, 2, '2017-11-07', 11),
(80, 70, 3, 168, 2, '2017-11-07', 11),
(81, 50, 3, 168, 2, '2017-11-07', 11),
(82, 50, 3, 168, 2, '2017-11-07', 11),
(83, 40, 3, 168, 2, '2017-11-07', 11),
(84, 60, 3, 168, 2, '2017-11-07', 11),
(85, 40, 3, 168, 2, '2017-11-07', 11),
(86, 60, 3, 168, 2, '2017-11-07', 11),
(87, 50, 3, 168, 2, '2017-11-07', 11),
(88, 70, 3, 168, 2, '2017-11-07', 11),
(89, 40, 3, 168, 2, '2017-11-07', 11),
(90, 60, 3, 168, 2, '2017-11-07', 11),
(91, 60, 3, 168, 2, '2017-11-07', 11),
(92, 80, 3, 169, 1, '2017-11-07', 5),
(93, 70, 3, 170, 2, '2017-11-07', 29),
(94, 70, 3, 170, 2, '2017-11-07', 29),
(95, 70, 3, 170, 2, '2017-11-07', 29),
(96, 80, 3, 170, 1, '2017-11-07', 29),
(97, 60, 3, 133, 2, '2017-11-07', 13),
(98, 70, 3, 174, 2, '2017-11-07', 2),
(99, 70, 3, 133, 2, '2017-11-07', 13),
(100, 90, 3, 174, 1, '2017-11-07', 2),
(101, 60, 3, 133, 2, '2017-11-07', 13),
(102, 60, 3, 133, 2, '2017-11-07', 13),
(103, 80, 3, 173, 1, '2017-11-07', 2),
(104, 60, 3, 177, 2, '2017-11-07', 1),
(105, 90, 3, 177, 1, '2017-11-07', 1),
(106, 80, 3, 178, 1, '2017-11-07', 1),
(107, 70, 3, 179, 2, '2017-11-07', 2),
(108, 70, 3, 181, 2, '2017-11-07', 4),
(109, 80, 3, 181, 1, '2017-11-07', 4),
(110, 90, 3, 179, 1, '2017-11-07', 2),
(111, 70, 3, 185, 2, '2017-11-07', 6),
(112, 90, 3, 185, 1, '2017-11-07', 6),
(113, 90, 3, 189, 1, '2017-11-07', 2),
(114, 70, 3, 180, 2, '2017-11-07', 2),
(115, 90, 3, 193, 1, '2017-11-07', 10),
(116, 70, 3, 180, 2, '2017-11-07', 2),
(117, 70, 3, 195, 2, '2017-11-07', 3),
(118, 80, 3, 195, 1, '2017-11-07', 3),
(119, 60, 3, 192, 2, '2017-11-07', 2),
(120, 70, 3, 198, 2, '2017-11-07', 5),
(121, 60, 3, 198, 2, '2017-11-07', 5),
(122, 90, 3, 199, 1, '2017-11-07', 1),
(123, 90, 3, 198, 1, '2017-11-07', 5),
(124, 60, 3, 197, 2, '2017-11-07', 2),
(125, 90, 3, 197, 1, '2017-11-07', 2),
(126, 70, 3, 180, 2, '2017-11-07', 2),
(127, 60, 3, 180, 2, '2017-11-07', 2),
(128, 50, 3, 180, 2, '2017-11-07', 2),
(129, 60, 3, 180, 2, '2017-11-07', 2),
(130, 100, 3, 180, 1, '2017-11-07', 2),
(131, 90, 3, 171, 1, '2017-11-07', 2),
(132, 80, 3, 202, 1, '2017-11-08', 7),
(133, 70, 3, 203, 2, '2017-11-08', 7),
(134, 80, 3, 203, 1, '2017-11-08', 7),
(135, 50, 3, 168, 2, '2017-11-08', 11),
(136, 30, 3, 168, 2, '2017-11-08', 11),
(137, 60, 3, 168, 2, '2017-11-08', 11),
(138, 90, 3, 204, 1, '2017-11-08', 32),
(139, 90, 3, 168, 1, '2017-11-08', 11),
(140, 100, 3, 124, 1, '2017-11-08', 1),
(141, 70, 3, 114, 2, '2017-11-08', 1),
(142, 70, 3, 114, 2, '2017-11-08', 1),
(143, 90, 3, 114, 1, '2017-11-08', 1),
(144, 90, 3, 211, 1, '2017-11-08', 1),
(145, 90, 3, 135, 1, '2017-11-08', 4),
(146, 80, 3, 212, 1, '2017-11-08', 15),
(147, 90, 3, 157, 1, '2017-11-08', 2),
(148, 50, 3, 209, 2, '2017-11-08', 7),
(149, 70, 3, 213, 2, '2017-11-08', 1),
(150, 80, 3, 213, 1, '2017-11-08', 1),
(151, 80, 3, 133, 1, '2017-11-08', 13),
(152, 80, 3, 209, 1, '2017-11-08', 7),
(153, 80, 3, 215, 1, '2017-11-08', 5),
(154, 60, 3, 216, 2, '2017-11-08', 15),
(155, 60, 3, 216, 2, '2017-11-08', 15),
(156, 40, 3, 216, 2, '2017-11-08', 15),
(157, 20, 3, 216, 2, '2017-11-08', 15),
(158, 20, 3, 216, 2, '2017-11-08', 15),
(159, 60, 3, 216, 2, '2017-11-08', 15),
(160, 30, 3, 216, 2, '2017-11-08', 15),
(161, 50, 3, 216, 2, '2017-11-08', 15),
(162, 60, 3, 216, 2, '2017-11-08', 15),
(163, 80, 3, 216, 1, '2017-11-08', 15),
(164, 80, 3, 194, 1, '2017-11-08', 6),
(165, 60, 3, 87, 2, '2017-11-08', 19),
(166, 70, 3, 219, 2, '2017-11-08', 19),
(167, 60, 3, 87, 2, '2017-11-08', 19),
(168, 40, 3, 87, 2, '2017-11-08', 19),
(169, 40, 3, 87, 2, '2017-11-08', 19),
(170, 40, 3, 87, 2, '2017-11-08', 19),
(171, 30, 3, 87, 2, '2017-11-08', 19),
(172, 70, 3, 87, 2, '2017-11-08', 19),
(173, 50, 3, 87, 2, '2017-11-08', 19),
(174, 70, 3, 87, 2, '2017-11-08', 19),
(175, 50, 3, 87, 2, '2017-11-08', 19),
(176, 30, 3, 87, 2, '2017-11-08', 19),
(177, 50, 3, 87, 2, '2017-11-08', 19),
(178, 10, 3, 87, 2, '2017-11-08', 19),
(179, 70, 3, 221, 2, '2017-11-08', 5),
(180, 100, 3, 221, 1, '2017-11-08', 5),
(181, 70, 3, 148, 2, '2017-11-08', 2),
(182, 70, 3, 148, 2, '2017-11-08', 2),
(183, 40, 3, 148, 2, '2017-11-08', 2),
(184, 60, 3, 148, 2, '2017-11-08', 2),
(185, 90, 3, 148, 1, '2017-11-08', 2),
(186, 30, 3, 87, 2, '2017-11-08', 19),
(187, 70, 3, 87, 2, '2017-11-08', 19),
(188, 30, 3, 87, 2, '2017-11-08', 19),
(189, 60, 3, 87, 2, '2017-11-08', 19),
(190, 60, 3, 87, 2, '2017-11-08', 19),
(191, 50, 3, 87, 2, '2017-11-08', 19),
(192, 10, 3, 87, 2, '2017-11-08', 19),
(193, 70, 3, 223, 2, '2017-11-08', 6),
(194, 70, 3, 222, 2, '2017-11-09', 4),
(195, 60, 3, 222, 2, '2017-11-09', 4),
(196, 70, 3, 222, 2, '2017-11-09', 4),
(197, 70, 3, 222, 2, '2017-11-09', 4),
(198, 80, 3, 224, 1, '2017-11-09', 5),
(199, 50, 3, 222, 2, '2017-11-09', 4),
(200, 70, 3, 222, 2, '2017-11-09', 4),
(201, 80, 3, 226, 1, '2017-11-09', 11),
(202, 80, 3, 222, 1, '2017-11-09', 4),
(203, 60, 3, 225, 2, '2017-11-09', 2),
(204, 50, 3, 225, 2, '2017-11-09', 2),
(205, 90, 3, 225, 1, '2017-11-09', 2),
(206, 60, 3, 214, 2, '2017-11-09', 16),
(207, 80, 3, 218, 1, '2017-11-09', 17),
(208, 80, 3, 214, 1, '2017-11-09', 16),
(209, 90, 3, 184, 1, '2017-11-09', 2),
(210, 60, 3, 228, 2, '2017-11-09', 18),
(211, 80, 3, 228, 1, '2017-11-09', 18),
(212, 80, 3, 107, 1, '2017-11-09', 5),
(213, 60, 3, 231, 2, '2017-11-09', 8),
(214, 90, 3, 231, 1, '2017-11-09', 8),
(215, 60, 3, 232, 2, '2017-11-09', 8),
(216, 90, 3, 232, 1, '2017-11-09', 8),
(217, 80, 3, 233, 1, '2017-11-09', 5),
(218, 70, 3, 98, 2, '2017-11-09', 5),
(219, 60, 3, 98, 2, '2017-11-09', 5),
(220, 70, 3, 236, 2, '2017-11-09', 2),
(221, 90, 3, 236, 1, '2017-11-09', 2),
(222, 100, 3, 98, 1, '2017-11-09', 5),
(223, 80, 3, 182, 1, '2017-11-09', 7),
(224, 70, 3, 237, 2, '2017-11-09', 1),
(225, 40, 3, 237, 2, '2017-11-09', 1),
(226, 70, 3, 237, 2, '2017-11-09', 1),
(227, 60, 3, 237, 2, '2017-11-09', 1),
(228, 50, 3, 237, 2, '2017-11-09', 1),
(229, 50, 3, 237, 2, '2017-11-09', 1),
(230, 40, 3, 237, 2, '2017-11-09', 1),
(231, 40, 3, 237, 2, '2017-11-09', 1),
(232, 40, 3, 237, 2, '2017-11-09', 1),
(233, 50, 3, 239, 2, '2017-11-09', 8),
(234, 90, 3, 237, 1, '2017-11-09', 1),
(235, 20, 3, 238, 2, '2017-11-09', 8),
(236, 50, 3, 238, 2, '2017-11-09', 8),
(237, 70, 3, 239, 2, '2017-11-09', 8),
(238, 70, 3, 238, 2, '2017-11-09', 8),
(239, 80, 3, 238, 1, '2017-11-09', 8),
(240, 30, 3, 239, 2, '2017-11-09', 8),
(241, 80, 3, 239, 1, '2017-11-09', 8),
(242, 30, 3, 229, 2, '2017-11-09', 2),
(243, 70, 3, 229, 2, '2017-11-09', 2),
(244, 70, 3, 229, 2, '2017-11-09', 2),
(245, 50, 3, 229, 2, '2017-11-09', 2),
(246, 90, 3, 229, 1, '2017-11-09', 2),
(247, 40, 3, 241, 2, '2017-11-09', 11),
(248, 50, 3, 242, 2, '2017-11-09', 7),
(249, 30, 3, 243, 2, '2017-11-09', 7),
(250, 50, 3, 242, 2, '2017-11-09', 7),
(251, 50, 3, 223, 2, '2017-11-09', 6),
(252, 60, 3, 244, 2, '2017-11-09', 7),
(253, 60, 3, 242, 2, '2017-11-09', 7),
(254, 60, 3, 243, 2, '2017-11-09', 7),
(255, 40, 3, 242, 2, '2017-11-09', 7),
(256, 50, 3, 244, 2, '2017-11-09', 7),
(257, 60, 3, 242, 2, '2017-11-09', 7),
(258, 70, 3, 243, 2, '2017-11-09', 7),
(259, 40, 3, 244, 2, '2017-11-09', 7),
(260, 60, 3, 242, 2, '2017-11-09', 7),
(261, 60, 3, 243, 2, '2017-11-09', 7),
(262, 70, 3, 244, 2, '2017-11-09', 7),
(263, 40, 3, 242, 2, '2017-11-09', 7),
(264, 70, 3, 242, 2, '2017-11-09', 7),
(265, 40, 3, 243, 2, '2017-11-09', 7),
(266, 40, 3, 223, 2, '2017-11-09', 6),
(267, 50, 3, 244, 2, '2017-11-09', 7),
(268, 70, 3, 242, 2, '2017-11-09', 7),
(269, 60, 3, 243, 2, '2017-11-09', 7),
(270, 80, 3, 242, 1, '2017-11-09', 7),
(271, 50, 3, 244, 2, '2017-11-09', 7),
(272, 70, 3, 243, 2, '2017-11-09', 7),
(273, 80, 3, 243, 1, '2017-11-09', 7),
(274, 90, 3, 244, 1, '2017-11-09', 7),
(275, 100, 3, 223, 1, '2017-11-09', 6),
(276, 70, 3, 110, 2, '2017-11-09', 9),
(277, 90, 3, 110, 1, '2017-11-09', 9),
(278, 70, 3, 245, 2, '2017-11-09', 4),
(279, 80, 3, 245, 1, '2017-11-09', 4),
(280, 60, 3, 163, 2, '2017-11-10', 12),
(281, 80, 3, 163, 1, '2017-11-10', 12),
(282, 80, 3, 248, 1, '2017-11-10', 1),
(283, 50, 3, 246, 2, '2017-11-10', 22),
(284, 50, 3, 247, 2, '2017-11-10', 22),
(285, 60, 3, 246, 2, '2017-11-10', 22),
(286, 100, 3, 247, 1, '2017-11-10', 22),
(287, 80, 3, 246, 1, '2017-11-10', 22),
(288, 50, 3, 113, 2, '2017-11-10', 1),
(289, 90, 3, 113, 1, '2017-11-10', 1),
(290, 70, 3, 249, 2, '2017-11-10', 6),
(291, 100, 3, 249, 1, '2017-11-10', 6),
(292, 90, 3, 250, 1, '2017-11-10', 1),
(293, 70, 3, 256, 2, '2017-11-10', 26),
(294, 70, 3, 256, 2, '2017-11-10', 26),
(295, 60, 3, 256, 2, '2017-11-10', 26),
(296, 80, 3, 256, 1, '2017-11-10', 26),
(297, 90, 3, 127, 1, '2017-11-10', 1),
(298, 30, 3, 251, 2, '2017-11-10', 7),
(299, 30, 3, 253, 2, '2017-11-10', 12),
(300, 50, 3, 251, 2, '2017-11-10', 7),
(301, 50, 3, 258, 2, '2017-11-10', 7),
(302, 80, 3, 254, 1, '2017-11-10', 23),
(303, 40, 3, 258, 2, '2017-11-10', 7),
(304, 80, 3, 258, 1, '2017-11-10', 7),
(305, 90, 3, 259, 1, '2017-11-10', 7),
(306, 70, 3, 252, 2, '2017-11-10', 7),
(307, 60, 3, 252, 2, '2017-11-10', 7),
(308, 60, 3, 261, 2, '2017-11-10', 4),
(309, 50, 3, 252, 2, '2017-11-10', 7),
(310, 40, 3, 252, 2, '2017-11-10', 7),
(311, 70, 3, 252, 2, '2017-11-10', 7),
(312, 60, 3, 261, 2, '2017-11-10', 4),
(313, 50, 3, 252, 2, '2017-11-10', 7),
(314, 100, 3, 262, 1, '2017-11-10', 13),
(315, 70, 3, 252, 2, '2017-11-10', 7),
(316, 40, 3, 252, 2, '2017-11-10', 7),
(317, 10, 3, 252, 2, '2017-11-10', 7),
(318, 60, 3, 252, 2, '2017-11-10', 7),
(319, 0, 3, 252, 2, '2017-11-10', 7),
(320, 30, 3, 252, 2, '2017-11-10', 7),
(321, 70, 3, 252, 2, '2017-11-10', 7),
(322, 40, 3, 264, 2, '2017-11-10', 5),
(323, 50, 3, 261, 2, '2017-11-10', 4),
(324, 60, 3, 263, 2, '2017-11-10', 4),
(325, 50, 3, 264, 2, '2017-11-10', 5),
(326, 40, 3, 264, 2, '2017-11-10', 5),
(327, 60, 3, 257, 2, '2017-11-10', 13),
(328, 60, 3, 234, 2, '2017-11-10', 3),
(329, 50, 3, 265, 2, '2017-11-10', 5),
(330, 50, 3, 87, 2, '2017-11-10', 19),
(331, 70, 3, 234, 2, '2017-11-10', 3),
(332, 70, 3, 265, 2, '2017-11-10', 5),
(333, 80, 3, 234, 1, '2017-11-10', 3),
(334, 50, 3, 265, 2, '2017-11-10', 5),
(335, 70, 3, 265, 2, '2017-11-10', 5),
(336, 70, 3, 78, 2, '2017-11-10', 1),
(337, 60, 3, 265, 2, '2017-11-10', 5),
(338, 60, 3, 266, 2, '2017-11-10', 3),
(339, 90, 3, 265, 1, '2017-11-10', 5),
(340, 60, 3, 266, 2, '2017-11-10', 3),
(341, 70, 3, 264, 2, '2017-11-10', 5),
(342, 90, 3, 266, 1, '2017-11-10', 3),
(343, 80, 3, 264, 1, '2017-11-10', 5),
(344, 80, 3, 78, 1, '2017-11-10', 1),
(345, 90, 3, 87, 1, '2017-11-10', 19),
(346, 80, 3, 253, 1, '2017-11-10', 12),
(347, 60, 3, 261, 2, '2017-11-10', 4),
(348, 60, 3, 261, 2, '2017-11-10', 4),
(349, 80, 3, 261, 1, '2017-11-10', 4),
(350, 60, 3, 263, 2, '2017-11-10', 4),
(351, 70, 3, 273, 2, '2017-11-10', 22),
(352, 90, 3, 263, 1, '2017-11-10', 4),
(353, 50, 3, 273, 2, '2017-11-10', 22),
(354, 50, 3, 274, 2, '2017-11-10', 26),
(355, 90, 3, 276, 1, '2017-11-10', 7),
(356, 50, 3, 277, 2, '2017-11-10', 3),
(357, 90, 3, 273, 1, '2017-11-10', 22),
(358, 80, 3, 274, 1, '2017-11-10', 26),
(359, 60, 3, 277, 2, '2017-11-10', 3),
(360, 30, 3, 277, 2, '2017-11-10', 3),
(361, 90, 3, 277, 1, '2017-11-10', 3),
(362, 60, 3, 271, 2, '2017-11-10', 4),
(363, 50, 3, 271, 2, '2017-11-10', 4),
(364, 70, 3, 268, 2, '2017-11-10', 12),
(365, 70, 3, 271, 2, '2017-11-10', 4),
(366, 70, 3, 268, 2, '2017-11-10', 12),
(367, 70, 3, 271, 2, '2017-11-10', 4),
(368, 60, 3, 270, 2, '2017-11-10', 35),
(369, 50, 3, 272, 2, '2017-11-10', 4),
(370, 80, 3, 268, 1, '2017-11-10', 12),
(371, 80, 3, 271, 1, '2017-11-10', 4),
(372, 90, 3, 272, 1, '2017-11-10', 4),
(373, 80, 3, 281, 1, '2017-11-10', 5),
(374, 80, 3, 201, 1, '2017-11-10', 6),
(375, 60, 3, 282, 2, '2017-11-10', 6),
(376, 60, 3, 282, 2, '2017-11-10', 6),
(377, 60, 3, 206, 2, '2017-11-10', 13),
(378, 70, 3, 206, 2, '2017-11-10', 13),
(379, 60, 3, 219, 2, '2017-11-10', 19),
(380, 50, 3, 206, 2, '2017-11-10', 13),
(381, 100, 3, 150, 1, '2017-11-10', 18),
(382, 50, 3, 206, 2, '2017-11-10', 13),
(383, 80, 3, 284, 1, '2017-11-11', 7),
(384, 50, 3, 286, 2, '2017-11-11', 7),
(385, 70, 3, 283, 2, '2017-11-11', 15),
(386, 80, 3, 286, 1, '2017-11-11', 7),
(387, 90, 3, 283, 1, '2017-11-11', 15),
(388, 80, 3, 285, 1, '2017-11-11', 3),
(389, 80, 3, 289, 1, '2017-11-11', 3),
(390, 50, 3, 287, 2, '2017-11-11', 7),
(391, 50, 3, 287, 2, '2017-11-11', 7),
(392, 50, 3, 287, 2, '2017-11-11', 7),
(393, 80, 3, 287, 1, '2017-11-11', 7),
(394, 50, 3, 290, 2, '2017-11-11', 11),
(395, 70, 3, 290, 2, '2017-11-11', 11),
(396, 100, 3, 290, 1, '2017-11-11', 11),
(397, 60, 3, 144, 2, '2017-11-11', 9),
(398, 70, 3, 144, 2, '2017-11-11', 9),
(399, 70, 3, 144, 2, '2017-11-11', 9),
(400, 60, 3, 144, 2, '2017-11-11', 9),
(401, 80, 3, 144, 1, '2017-11-11', 9),
(402, 90, 3, 121, 1, '2017-11-11', 4),
(403, 70, 3, 302, 2, '2017-11-11', 11),
(404, 30, 3, 302, 2, '2017-11-11', 11),
(405, 30, 3, 302, 2, '2017-11-11', 11),
(406, 80, 3, 300, 1, '2017-11-11', 5),
(407, 70, 3, 303, 2, '2017-11-11', 5),
(408, 70, 3, 303, 2, '2017-11-11', 5),
(409, 80, 3, 303, 1, '2017-11-11', 5),
(410, 80, 3, 257, 1, '2017-11-11', 13),
(411, 60, 3, 304, 2, '2017-11-11', 11),
(412, 70, 3, 304, 2, '2017-11-11', 11),
(413, 80, 3, 304, 1, '2017-11-11', 11),
(414, 80, 3, 305, 1, '2017-11-11', 1),
(415, 80, 3, 302, 1, '2017-11-11', 11),
(416, 50, 3, 207, 2, '2017-11-11', 2),
(417, 80, 3, 306, 1, '2017-11-11', 8),
(418, 80, 3, 298, 1, '2017-11-11', 11),
(419, 70, 3, 207, 2, '2017-11-11', 2),
(420, 70, 3, 207, 2, '2017-11-11', 2),
(421, 90, 3, 207, 1, '2017-11-11', 2),
(422, 70, 3, 299, 2, '2017-11-11', 5),
(423, 70, 3, 299, 2, '2017-11-11', 5),
(424, 60, 3, 308, 2, '2017-11-11', 7),
(425, 70, 3, 308, 2, '2017-11-11', 7),
(426, 40, 3, 308, 2, '2017-11-11', 7),
(427, 60, 3, 311, 2, '2017-11-12', 5),
(428, 30, 3, 311, 2, '2017-11-12', 5),
(429, 30, 3, 311, 2, '2017-11-12', 5),
(430, 70, 3, 311, 2, '2017-11-12', 5),
(431, 70, 3, 311, 2, '2017-11-12', 5),
(432, 70, 3, 311, 2, '2017-11-12', 5),
(433, 70, 3, 311, 2, '2017-11-12', 5),
(434, 60, 3, 311, 2, '2017-11-12', 5),
(435, 60, 3, 311, 2, '2017-11-12', 5),
(436, 60, 3, 311, 2, '2017-11-12', 5),
(437, 50, 3, 187, 2, '2017-11-12', 4),
(438, 50, 3, 187, 2, '2017-11-12', 4),
(439, 60, 3, 187, 2, '2017-11-12', 4),
(440, 30, 3, 312, 2, '2017-11-12', 4),
(441, 70, 3, 312, 2, '2017-11-12', 4),
(442, 80, 3, 187, 1, '2017-11-12', 4),
(443, 70, 3, 312, 2, '2017-11-12', 4),
(444, 80, 3, 312, 1, '2017-11-12', 4),
(445, 50, 3, 313, 2, '2017-11-12', 2),
(446, 90, 3, 313, 1, '2017-11-12', 2),
(447, 70, 3, 79, 2, '2017-11-12', 11),
(448, 60, 3, 153, 2, '2017-11-12', 1),
(449, 80, 3, 79, 1, '2017-11-12', 11),
(450, 90, 3, 153, 1, '2017-11-12', 1),
(451, 80, 3, 316, 1, '2017-11-12', 11),
(452, 90, 3, 317, 1, '2017-11-12', 6),
(453, 80, 3, 321, 1, '2017-11-12', 11),
(454, 90, 3, 270, 1, '2017-11-12', 35),
(455, 80, 3, 322, 1, '2017-11-13', 3),
(456, 90, 3, 132, 1, '2017-11-13', 7),
(457, 70, 3, 325, 2, '2017-11-13', 10),
(458, 50, 3, 326, 2, '2017-11-13', 10),
(459, 50, 3, 326, 2, '2017-11-13', 10),
(460, 50, 3, 325, 2, '2017-11-13', 10),
(461, 50, 3, 326, 2, '2017-11-13', 10),
(462, 50, 3, 326, 2, '2017-11-13', 10),
(463, 80, 3, 327, 1, '2017-11-13', 7),
(464, 70, 3, 330, 2, '2017-11-13', 26),
(465, 90, 3, 330, 1, '2017-11-13', 26),
(466, 60, 3, 90, 2, '2017-11-13', 8),
(467, 80, 3, 90, 1, '2017-11-13', 8),
(468, 70, 3, 129, 2, '2017-11-13', 5),
(469, 70, 3, 129, 2, '2017-11-13', 5),
(470, 70, 3, 129, 2, '2017-11-13', 5),
(471, 80, 3, 129, 1, '2017-11-13', 5),
(472, 90, 3, 331, 1, '2017-11-13', 8),
(473, 80, 3, 142, 1, '2017-11-13', 23),
(474, 70, 3, 172, 2, '2017-11-13', 13),
(475, 90, 3, 172, 1, '2017-11-13', 13),
(476, 70, 3, 335, 2, '2017-11-13', 1),
(477, 90, 3, 335, 1, '2017-11-13', 1),
(478, 70, 3, 293, 2, '2017-11-13', 11),
(479, 60, 3, 293, 2, '2017-11-13', 11),
(480, 90, 3, 293, 1, '2017-11-13', 11),
(481, 80, 3, 340, 1, '2017-11-14', 7),
(482, 40, 3, 341, 2, '2017-11-14', 9),
(483, 80, 3, 341, 1, '2017-11-14', 9),
(484, 90, 3, 342, 1, '2017-11-14', 7),
(485, 80, 3, 344, 1, '2017-11-14', 7),
(486, 90, 3, 343, 1, '2017-11-14', 10),
(487, 60, 3, 345, 2, '2017-11-14', 10),
(488, 90, 3, 345, 1, '2017-11-14', 10),
(489, 70, 3, 326, 2, '2017-11-14', 10),
(490, 70, 3, 326, 2, '2017-11-14', 10),
(491, 90, 3, 326, 1, '2017-11-14', 10),
(492, 50, 3, 251, 2, '2017-11-14', 7),
(493, 90, 3, 323, 1, '2017-11-14', 18),
(494, 50, 3, 351, 2, '2017-11-14', 18),
(495, 40, 3, 351, 2, '2017-11-14', 18),
(496, 50, 3, 349, 2, '2017-11-14', 18),
(497, 80, 3, 349, 1, '2017-11-14', 18),
(498, 70, 3, 350, 2, '2017-11-14', 1),
(499, 80, 3, 352, 1, '2017-11-14', 1),
(500, 70, 3, 350, 2, '2017-11-14', 1),
(501, 60, 3, 350, 2, '2017-11-14', 1),
(502, 50, 3, 350, 2, '2017-11-14', 1),
(503, 80, 3, 350, 1, '2017-11-14', 1),
(504, 90, 3, 353, 1, '2017-11-14', 2),
(505, 60, 3, 354, 2, '2017-11-14', 23),
(506, 60, 3, 354, 2, '2017-11-14', 23),
(507, 60, 3, 354, 2, '2017-11-14', 23),
(508, 40, 3, 354, 2, '2017-11-14', 23),
(509, 80, 3, 319, 1, '2017-11-14', 9),
(510, 40, 3, 354, 2, '2017-11-14', 23),
(511, 50, 3, 355, 2, '2017-11-14', 10),
(512, 70, 3, 334, 2, '2017-11-14', 26),
(513, 80, 3, 334, 1, '2017-11-14', 26),
(514, 90, 3, 355, 1, '2017-11-14', 10),
(515, 100, 3, 356, 1, '2017-11-14', 21),
(516, 80, 3, 365, 1, '2017-11-14', 10),
(517, 80, 3, 368, 1, '2017-11-14', 5),
(518, 50, 3, 367, 2, '2017-11-14', 5),
(519, 70, 3, 359, 2, '2017-11-14', 6),
(520, 70, 3, 359, 2, '2017-11-14', 6),
(521, 80, 3, 367, 1, '2017-11-14', 5),
(522, 50, 3, 359, 2, '2017-11-14', 6),
(523, 70, 3, 361, 2, '2017-11-14', 10),
(524, 60, 3, 359, 2, '2017-11-14', 6),
(525, 50, 3, 359, 2, '2017-11-14', 6),
(526, 80, 3, 364, 1, '2017-11-14', 25),
(527, 70, 3, 359, 2, '2017-11-14', 6),
(528, 70, 3, 361, 2, '2017-11-14', 10),
(529, 70, 3, 362, 2, '2017-11-14', 10),
(530, 100, 3, 361, 1, '2017-11-14', 10),
(531, 70, 3, 359, 2, '2017-11-14', 6),
(532, 90, 3, 362, 1, '2017-11-14', 10),
(533, 70, 3, 359, 2, '2017-11-14', 6),
(534, 90, 3, 363, 1, '2017-11-14', 22),
(535, 90, 3, 359, 1, '2017-11-14', 6),
(536, 70, 3, 369, 2, '2017-11-14', 4),
(537, 50, 3, 369, 2, '2017-11-14', 4),
(538, 30, 3, 369, 2, '2017-11-14', 4),
(539, 90, 3, 369, 1, '2017-11-14', 4),
(540, 60, 3, 371, 2, '2017-11-14', 2),
(541, 50, 3, 336, 2, '2017-11-14', 5),
(542, 30, 3, 336, 2, '2017-11-14', 5),
(543, 60, 3, 336, 2, '2017-11-14', 5),
(544, 60, 3, 336, 2, '2017-11-14', 5),
(545, 40, 3, 336, 2, '2017-11-14', 5),
(546, 70, 3, 336, 2, '2017-11-14', 5),
(547, 60, 3, 336, 2, '2017-11-14', 5),
(548, 50, 3, 336, 2, '2017-11-14', 5),
(549, 90, 3, 372, 1, '2017-11-14', 9),
(550, 70, 3, 119, 2, '2017-11-14', 6),
(551, 50, 3, 119, 2, '2017-11-14', 6),
(552, 90, 3, 374, 1, '2017-11-14', 22),
(553, 60, 3, 119, 2, '2017-11-14', 6),
(554, 70, 3, 376, 2, '2017-11-14', 25),
(555, 80, 3, 376, 1, '2017-11-14', 25),
(556, 80, 3, 291, 1, '2017-11-14', 5),
(557, 60, 3, 119, 2, '2017-11-14', 6),
(558, 60, 3, 119, 2, '2017-11-14', 6),
(559, 60, 3, 375, 2, '2017-11-14', 9),
(560, 70, 3, 378, 2, '2017-11-14', 22),
(561, 60, 3, 119, 2, '2017-11-14', 6),
(562, 90, 3, 119, 1, '2017-11-14', 6),
(563, 80, 3, 378, 1, '2017-11-14', 22),
(564, 80, 3, 379, 1, '2017-11-14', 25),
(565, 90, 3, 377, 1, '2017-11-14', 5),
(566, 80, 3, 381, 1, '2017-11-14', 5),
(567, 70, 3, 383, 2, '2017-11-14', 10),
(568, 50, 3, 384, 2, '2017-11-14', 10),
(569, 70, 3, 383, 2, '2017-11-14', 10),
(570, 30, 3, 190, 2, '2017-11-14', 28),
(571, 90, 3, 383, 1, '2017-11-14', 10),
(572, 30, 3, 190, 2, '2017-11-14', 28),
(573, 90, 3, 384, 1, '2017-11-14', 10),
(574, 40, 3, 190, 2, '2017-11-14', 28),
(575, 50, 3, 190, 2, '2017-11-14', 28),
(576, 30, 3, 190, 2, '2017-11-14', 28),
(577, 30, 3, 190, 2, '2017-11-14', 28),
(578, 60, 3, 80, 2, '2017-11-15', 11),
(579, 40, 3, 80, 2, '2017-11-15', 11),
(580, 90, 3, 385, 1, '2017-11-15', 2),
(581, 20, 3, 386, 2, '2017-11-15', 11),
(582, 70, 3, 80, 2, '2017-11-15', 11),
(583, 30, 3, 382, 2, '2017-11-15', 29),
(584, 50, 3, 386, 2, '2017-11-15', 11),
(585, 70, 3, 382, 2, '2017-11-15', 29),
(586, 40, 3, 386, 2, '2017-11-15', 11),
(587, 70, 3, 80, 2, '2017-11-15', 11),
(588, 40, 3, 382, 2, '2017-11-15', 29),
(589, 70, 3, 382, 2, '2017-11-15', 29),
(590, 50, 3, 386, 2, '2017-11-15', 11),
(591, 90, 3, 80, 1, '2017-11-15', 11),
(592, 40, 3, 386, 2, '2017-11-15', 11),
(593, 60, 3, 386, 2, '2017-11-15', 11),
(594, 50, 3, 382, 2, '2017-11-15', 29),
(595, 70, 3, 386, 2, '2017-11-15', 11),
(596, 60, 3, 382, 2, '2017-11-15', 29),
(597, 50, 3, 382, 2, '2017-11-15', 29),
(598, 60, 3, 386, 2, '2017-11-15', 11),
(599, 70, 3, 386, 2, '2017-11-15', 11),
(600, 60, 3, 382, 2, '2017-11-15', 29),
(601, 70, 3, 386, 2, '2017-11-15', 11),
(602, 80, 3, 382, 1, '2017-11-15', 29),
(603, 60, 3, 386, 2, '2017-11-15', 11),
(604, 60, 3, 386, 2, '2017-11-15', 11),
(605, 60, 3, 386, 2, '2017-11-15', 11),
(606, 50, 3, 386, 2, '2017-11-15', 11),
(607, 80, 3, 386, 1, '2017-11-15', 11),
(608, 20, 3, 388, 2, '2017-11-15', 2),
(609, 0, 3, 388, 2, '2017-11-15', 2),
(610, 0, 3, 388, 2, '2017-11-15', 2),
(611, 0, 3, 388, 2, '2017-11-15', 2),
(612, 80, 3, 230, 1, '2017-11-15', 11),
(613, 30, 3, 388, 2, '2017-11-15', 2),
(614, 50, 3, 389, 2, '2017-11-15', 9),
(615, 40, 3, 388, 2, '2017-11-15', 2),
(616, 40, 3, 388, 2, '2017-11-15', 2),
(617, 70, 3, 389, 2, '2017-11-15', 9),
(618, 80, 3, 389, 1, '2017-11-15', 9),
(619, 30, 3, 388, 2, '2017-11-15', 2),
(620, 70, 3, 390, 2, '2017-11-15', 9),
(621, 70, 3, 390, 2, '2017-11-15', 9),
(622, 90, 3, 390, 1, '2017-11-15', 9),
(623, 60, 3, 394, 2, '2017-11-15', 6),
(624, 100, 3, 394, 1, '2017-11-15', 6),
(625, 70, 3, 391, 2, '2017-11-15', 22),
(626, 90, 3, 387, 1, '2017-11-15', 2),
(627, 70, 3, 391, 2, '2017-11-15', 22),
(628, 40, 3, 391, 2, '2017-11-15', 22),
(629, 50, 3, 391, 2, '2017-11-15', 22),
(630, 80, 3, 388, 1, '2017-11-15', 2),
(631, 60, 3, 393, 2, '2017-11-15', 11),
(632, 50, 3, 393, 2, '2017-11-15', 11),
(633, 60, 3, 393, 2, '2017-11-15', 11),
(634, 40, 3, 393, 2, '2017-11-15', 11),
(635, 60, 3, 251, 2, '2017-11-15', 7),
(636, 80, 3, 241, 1, '2017-11-15', 11),
(637, 60, 3, 251, 2, '2017-11-15', 7),
(638, 60, 3, 398, 2, '2017-11-15', 4),
(639, 90, 3, 176, 1, '2017-11-15', 4),
(640, 100, 3, 357, 1, '2017-11-15', 1),
(641, 80, 3, 398, 1, '2017-11-15', 4),
(642, 60, 3, 402, 2, '2017-11-15', 2),
(643, 100, 3, 401, 1, '2017-11-15', 1),
(644, 50, 3, 399, 2, '2017-11-15', 4),
(645, 50, 3, 99, 2, '2017-11-15', 5),
(646, 50, 3, 99, 2, '2017-11-15', 5),
(647, 60, 3, 399, 2, '2017-11-15', 4),
(648, 70, 3, 402, 2, '2017-11-15', 2),
(649, 60, 3, 399, 2, '2017-11-15', 4),
(650, 50, 3, 399, 2, '2017-11-15', 4),
(651, 60, 3, 405, 2, '2017-11-15', 1),
(652, 90, 3, 399, 1, '2017-11-15', 4),
(653, 80, 3, 404, 1, '2017-11-15', 1),
(654, 90, 3, 402, 1, '2017-11-15', 2),
(655, 80, 3, 405, 1, '2017-11-15', 1),
(656, 80, 3, 208, 1, '2017-11-15', 10),
(657, 70, 3, 407, 2, '2017-11-15', 2),
(658, 80, 3, 403, 1, '2017-11-15', 1),
(659, 100, 3, 400, 1, '2017-11-15', 8),
(660, 50, 3, 371, 2, '2017-11-15', 2),
(661, 60, 3, 415, 2, '2017-11-15', 7),
(662, 70, 3, 415, 2, '2017-11-15', 7),
(663, 50, 3, 415, 2, '2017-11-15', 7),
(664, 80, 3, 415, 1, '2017-11-15', 7),
(665, 70, 3, 407, 2, '2017-11-15', 2),
(666, 50, 3, 407, 2, '2017-11-15', 2),
(667, 70, 3, 175, 2, '2017-11-15', 4),
(668, 70, 3, 117, 2, '2017-11-15', 7),
(669, 80, 3, 416, 1, '2017-11-15', 6),
(670, 70, 3, 175, 2, '2017-11-15', 4),
(671, 80, 3, 117, 1, '2017-11-15', 7),
(672, 50, 3, 336, 2, '2017-11-15', 5),
(673, 60, 3, 175, 2, '2017-11-15', 4),
(674, 80, 3, 336, 1, '2017-11-15', 5),
(675, 80, 3, 406, 1, '2017-11-15', 11),
(676, 60, 3, 155, 2, '2017-11-15', 6),
(677, 50, 3, 417, 2, '2017-11-15', 4),
(678, 70, 3, 417, 2, '2017-11-15', 4),
(679, 70, 3, 417, 2, '2017-11-15', 4),
(680, 70, 3, 417, 2, '2017-11-15', 4),
(681, 80, 3, 417, 1, '2017-11-15', 4),
(682, 70, 3, 418, 2, '2017-11-15', 6),
(683, 60, 3, 418, 2, '2017-11-15', 6),
(684, 70, 3, 413, 2, '2017-11-15', 23),
(685, 50, 3, 418, 2, '2017-11-15', 6),
(686, 50, 3, 414, 2, '2017-11-15', 23),
(687, 70, 3, 413, 2, '2017-11-15', 23),
(688, 60, 3, 418, 2, '2017-11-15', 6),
(689, 80, 3, 333, 1, '2017-11-15', 4),
(690, 40, 3, 414, 2, '2017-11-15', 23),
(691, 100, 3, 407, 1, '2017-11-15', 2),
(692, 80, 3, 192, 1, '2017-11-15', 2),
(693, 70, 3, 418, 2, '2017-11-15', 6),
(694, 70, 3, 418, 2, '2017-11-15', 6),
(695, 80, 3, 418, 1, '2017-11-15', 6),
(696, 40, 3, 108, 2, '2017-11-15', 3),
(697, 60, 3, 108, 2, '2017-11-15', 3),
(698, 80, 3, 94, 1, '2017-11-15', 8),
(699, 80, 3, 424, 1, '2017-11-15', 11),
(700, 80, 3, 393, 1, '2017-11-15', 11),
(701, 10, 3, 190, 2, '2017-11-15', 28),
(702, 70, 3, 338, 2, '2017-11-15', 7),
(703, 80, 3, 112, 1, '2017-11-15', 4),
(704, 70, 3, 366, 2, '2017-11-15', 9),
(705, 30, 3, 375, 2, '2017-11-15', 9),
(706, 30, 3, 375, 2, '2017-11-15', 9),
(707, 90, 3, 366, 1, '2017-11-15', 9),
(708, 60, 3, 423, 2, '2017-11-15', 6),
(709, 80, 3, 338, 1, '2017-11-15', 7),
(710, 20, 3, 375, 2, '2017-11-15', 9),
(711, 80, 3, 425, 1, '2017-11-15', 4),
(712, 90, 3, 260, 1, '2017-11-15', 7),
(713, 60, 3, 395, 2, '2017-11-16', 11),
(714, 40, 3, 395, 2, '2017-11-16', 11),
(715, 80, 3, 428, 1, '2017-11-16', 8),
(716, 70, 3, 395, 2, '2017-11-16', 11),
(717, 70, 3, 395, 2, '2017-11-16', 11),
(718, 70, 3, 395, 2, '2017-11-16', 11),
(719, 50, 3, 395, 2, '2017-11-16', 11),
(720, 60, 3, 395, 2, '2017-11-16', 11),
(721, 60, 3, 391, 2, '2017-11-16', 22),
(722, 80, 3, 391, 1, '2017-11-16', 22),
(723, 100, 3, 395, 1, '2017-11-16', 11),
(724, 50, 3, 430, 2, '2017-11-16', 6),
(725, 70, 3, 430, 2, '2017-11-16', 6),
(726, 90, 3, 430, 1, '2017-11-16', 6),
(727, 90, 3, 432, 1, '2017-11-16', 6),
(728, 90, 3, 433, 1, '2017-11-16', 6),
(729, 80, 3, 183, 1, '2017-11-16', 23),
(730, 70, 3, 431, 2, '2017-11-16', 23),
(731, 90, 3, 431, 1, '2017-11-16', 23),
(732, 60, 3, 429, 2, '2017-11-16', 22),
(733, 90, 3, 427, 1, '2017-11-16', 6),
(734, 80, 3, 396, 1, '2017-11-16', 5),
(735, 70, 3, 109, 2, '2017-11-16', 6),
(736, 70, 3, 109, 2, '2017-11-16', 6),
(737, 80, 3, 434, 1, '2017-11-16', 6),
(738, 60, 3, 109, 2, '2017-11-16', 6),
(739, 60, 3, 109, 2, '2017-11-16', 6),
(740, 50, 3, 109, 2, '2017-11-16', 6),
(741, 60, 3, 109, 2, '2017-11-16', 6),
(742, 50, 3, 109, 2, '2017-11-16', 6),
(743, 80, 3, 109, 1, '2017-11-16', 6),
(744, 60, 3, 435, 2, '2017-11-16', 6),
(745, 50, 3, 435, 2, '2017-11-16', 6),
(746, 90, 3, 438, 1, '2017-11-16', 7),
(747, 40, 3, 99, 2, '2017-11-16', 5),
(748, 50, 3, 328, 2, '2017-11-16', 4),
(749, 70, 3, 328, 2, '2017-11-16', 4),
(750, 40, 3, 99, 2, '2017-11-16', 5),
(751, 60, 3, 99, 2, '2017-11-16', 5),
(752, 100, 3, 99, 1, '2017-11-16', 5),
(753, 60, 3, 328, 2, '2017-11-16', 4),
(754, 70, 3, 251, 2, '2017-11-16', 7),
(755, 60, 3, 328, 2, '2017-11-16', 4),
(756, 50, 3, 280, 2, '2017-11-16', 5),
(757, 60, 3, 280, 2, '2017-11-16', 5),
(758, 100, 3, 280, 1, '2017-11-16', 5),
(759, 90, 3, 411, 1, '2017-11-16', 5),
(760, 70, 3, 328, 2, '2017-11-16', 4),
(761, 60, 3, 441, 2, '2017-11-16', 5),
(762, 70, 3, 441, 2, '2017-11-16', 5),
(763, 80, 3, 441, 1, '2017-11-16', 5),
(764, 80, 3, 329, 1, '2017-11-16', 5),
(765, 90, 3, 440, 1, '2017-11-16', 4),
(766, 80, 3, 311, 1, '2017-11-16', 5),
(767, 60, 3, 328, 2, '2017-11-16', 4),
(768, 70, 3, 442, 2, '2017-11-16', 4),
(769, 70, 3, 443, 2, '2017-11-16', 6),
(770, 60, 3, 444, 2, '2017-11-16', 30),
(771, 50, 3, 370, 2, '2017-11-16', 4),
(772, 70, 3, 442, 2, '2017-11-16', 4),
(773, 100, 3, 444, 1, '2017-11-16', 30),
(774, 100, 3, 442, 1, '2017-11-16', 4),
(775, 90, 3, 328, 1, '2017-11-16', 4),
(776, 60, 3, 397, 2, '2017-11-16', 21),
(777, 90, 3, 251, 1, '2017-11-16', 7),
(778, 70, 3, 240, 2, '2017-11-16', 9),
(779, 80, 3, 240, 1, '2017-11-16', 9),
(780, 50, 3, 314, 2, '2017-11-16', 4),
(781, 0, 3, 314, 2, '2017-11-16', 4),
(782, 70, 3, 314, 2, '2017-11-16', 4),
(783, 90, 3, 314, 1, '2017-11-16', 4),
(784, 60, 3, 315, 2, '2017-11-16', 4),
(785, 90, 3, 446, 1, '2017-11-16', 4),
(786, 60, 3, 315, 2, '2017-11-16', 4),
(787, 90, 3, 409, 1, '2017-11-16', 2),
(788, 70, 3, 315, 2, '2017-11-16', 4),
(789, 60, 3, 315, 2, '2017-11-16', 4),
(790, 60, 3, 315, 2, '2017-11-16', 4),
(791, 80, 3, 315, 1, '2017-11-16', 4),
(792, 30, 3, 449, 2, '2017-11-16', 5),
(793, 70, 3, 449, 2, '2017-11-16', 5),
(794, 70, 3, 449, 2, '2017-11-16', 5),
(795, 60, 3, 449, 2, '2017-11-16', 5),
(796, 40, 3, 449, 2, '2017-11-16', 5),
(797, 60, 3, 449, 2, '2017-11-16', 5),
(798, 90, 3, 449, 1, '2017-11-16', 5),
(799, 100, 3, 450, 1, '2017-11-16', 30),
(800, 50, 3, 358, 2, '2017-11-16', 11),
(801, 60, 3, 358, 2, '2017-11-16', 11),
(802, 30, 3, 358, 2, '2017-11-16', 11),
(803, 80, 3, 447, 1, '2017-11-16', 6),
(804, 80, 3, 448, 1, '2017-11-16', 4),
(805, 90, 3, 451, 1, '2017-11-16', 9),
(806, 80, 3, 453, 1, '2017-11-16', 9),
(807, 80, 3, 134, 1, '2017-11-16', 30),
(808, 50, 3, 455, 2, '2017-11-16', 6),
(809, 50, 3, 455, 2, '2017-11-16', 6),
(810, 60, 3, 455, 2, '2017-11-16', 6),
(811, 50, 3, 455, 2, '2017-11-16', 6),
(812, 70, 3, 455, 2, '2017-11-16', 6),
(813, 70, 3, 455, 2, '2017-11-16', 6),
(814, 50, 3, 455, 2, '2017-11-16', 6),
(815, 60, 3, 455, 2, '2017-11-16', 6),
(816, 60, 3, 456, 2, '2017-11-16', 3),
(817, 50, 3, 455, 2, '2017-11-16', 6),
(818, 50, 3, 414, 2, '2017-11-16', 23),
(819, 80, 3, 413, 1, '2017-11-16', 23),
(820, 40, 3, 414, 2, '2017-11-16', 23),
(821, 80, 3, 457, 1, '2017-11-16', 1),
(822, 70, 3, 456, 2, '2017-11-16', 3),
(823, 90, 3, 455, 1, '2017-11-16', 6),
(824, 90, 3, 456, 1, '2017-11-16', 3),
(825, 50, 3, 301, 2, '2017-11-16', 8),
(826, 60, 3, 460, 2, '2017-11-16', 9),
(827, 90, 3, 460, 1, '2017-11-16', 9),
(828, 70, 3, 459, 2, '2017-11-16', 9),
(829, 0, 3, 459, 2, '2017-11-16', 9),
(830, 80, 3, 459, 1, '2017-11-16', 9),
(831, 40, 3, 462, 2, '2017-11-16', 12),
(832, 70, 3, 190, 2, '2017-11-16', 28),
(833, 40, 3, 462, 2, '2017-11-16', 12),
(834, 70, 3, 190, 2, '2017-11-16', 28),
(835, 80, 3, 190, 1, '2017-11-16', 28),
(836, 60, 3, 462, 2, '2017-11-16', 12),
(837, 50, 3, 462, 2, '2017-11-16', 12),
(838, 50, 3, 461, 2, '2017-11-16', 12),
(839, 40, 3, 461, 2, '2017-11-16', 12),
(840, 0, 3, 461, 2, '2017-11-16', 12),
(841, 40, 3, 462, 2, '2017-11-16', 12),
(842, 60, 3, 462, 2, '2017-11-16', 12),
(843, 70, 3, 288, 2, '2017-11-16', 9),
(844, 80, 3, 462, 1, '2017-11-16', 12),
(845, 70, 3, 461, 2, '2017-11-16', 12),
(846, 80, 3, 288, 1, '2017-11-16', 9),
(847, 60, 3, 461, 2, '2017-11-16', 12),
(848, 60, 3, 464, 2, '2017-11-16', 12),
(849, 70, 3, 461, 2, '2017-11-16', 12),
(850, 70, 3, 461, 2, '2017-11-16', 12),
(851, 50, 3, 461, 2, '2017-11-16', 12),
(852, 90, 3, 461, 1, '2017-11-16', 12),
(853, 80, 3, 375, 1, '2017-11-16', 9),
(854, 80, 3, 466, 1, '2017-11-16', 2),
(855, 70, 3, 465, 2, '2017-11-16', 12),
(856, 60, 3, 465, 2, '2017-11-16', 12),
(857, 80, 3, 465, 1, '2017-11-16', 12),
(858, 60, 3, 467, 2, '2017-11-17', 6),
(859, 80, 3, 468, 1, '2017-11-17', 6),
(860, 40, 3, 426, 2, '2017-11-17', 7),
(861, 60, 3, 426, 2, '2017-11-17', 7),
(862, 60, 3, 426, 2, '2017-11-17', 7),
(863, 80, 3, 392, 1, '2017-11-17', 22),
(864, 100, 3, 469, 1, '2017-11-17', 6),
(865, 40, 3, 470, 2, '2017-11-17', 22),
(866, 90, 3, 473, 1, '2017-11-17', 12),
(867, 90, 3, 472, 1, '2017-11-17', 4),
(868, 90, 3, 474, 1, '2017-11-17', 12),
(869, 70, 3, 475, 2, '2017-11-17', 7),
(870, 70, 3, 475, 2, '2017-11-17', 7),
(871, 50, 3, 475, 2, '2017-11-17', 7),
(872, 70, 3, 476, 2, '2017-11-17', 9),
(873, 70, 3, 476, 2, '2017-11-17', 9),
(874, 60, 3, 476, 2, '2017-11-17', 9),
(875, 50, 3, 155, 2, '2017-11-17', 6),
(876, 80, 3, 155, 1, '2017-11-17', 6),
(877, 80, 3, 476, 1, '2017-11-17', 9),
(878, 60, 3, 397, 2, '2017-11-17', 21),
(879, 50, 3, 414, 2, '2017-11-17', 23),
(880, 60, 3, 370, 2, '2017-11-17', 4),
(881, 60, 3, 370, 2, '2017-11-17', 4),
(882, 60, 3, 370, 2, '2017-11-17', 4),
(883, 60, 3, 370, 2, '2017-11-17', 4),
(884, 70, 3, 370, 2, '2017-11-17', 4),
(885, 70, 3, 370, 2, '2017-11-17', 4),
(886, 70, 3, 370, 2, '2017-11-17', 4),
(887, 90, 3, 370, 1, '2017-11-17', 4),
(888, 80, 3, 479, 1, '2017-11-17', 6),
(889, 60, 3, 477, 2, '2017-11-17', 4),
(890, 60, 3, 477, 2, '2017-11-17', 4),
(891, 50, 3, 480, 2, '2017-11-17', 6),
(892, 60, 3, 480, 2, '2017-11-17', 6),
(893, 60, 3, 480, 2, '2017-11-17', 6),
(894, 40, 3, 480, 2, '2017-11-17', 6),
(895, 60, 3, 477, 2, '2017-11-17', 4),
(896, 60, 3, 480, 2, '2017-11-17', 6),
(897, 70, 3, 480, 2, '2017-11-17', 6),
(898, 40, 3, 477, 2, '2017-11-17', 4),
(899, 30, 3, 480, 2, '2017-11-17', 6),
(900, 20, 3, 480, 2, '2017-11-17', 6),
(901, 70, 3, 480, 2, '2017-11-17', 6),
(902, 70, 3, 480, 2, '2017-11-17', 6),
(903, 50, 3, 477, 2, '2017-11-17', 4),
(904, 80, 3, 480, 1, '2017-11-17', 6),
(905, 80, 3, 478, 1, '2017-11-17', 6),
(906, 70, 3, 477, 2, '2017-11-17', 4),
(907, 90, 3, 477, 1, '2017-11-17', 4),
(908, 70, 3, 296, 2, '2017-11-17', 8),
(909, 90, 3, 296, 1, '2017-11-17', 8),
(910, 60, 3, 91, 2, '2017-11-17', 5),
(911, 70, 3, 91, 2, '2017-11-17', 5),
(912, 100, 3, 91, 1, '2017-11-17', 5),
(913, 70, 3, 483, 2, '2017-11-17', 23),
(914, 70, 3, 484, 2, '2017-11-17', 22),
(915, 50, 3, 483, 2, '2017-11-17', 23),
(916, 100, 3, 126, 1, '2017-11-17', 1),
(917, 90, 3, 414, 1, '2017-11-17', 23),
(918, 50, 3, 482, 2, '2017-11-17', 6),
(919, 50, 3, 482, 2, '2017-11-17', 6),
(920, 40, 3, 445, 2, '2017-11-17', 23),
(921, 70, 3, 482, 2, '2017-11-17', 6),
(922, 40, 3, 445, 2, '2017-11-17', 23),
(923, 0, 3, 445, 2, '2017-11-17', 23),
(924, 50, 3, 488, 2, '2017-11-17', 9),
(925, 0, 3, 488, 2, '2017-11-17', 9),
(926, 90, 3, 486, 1, '2017-11-17', 15),
(927, 90, 3, 482, 1, '2017-11-17', 6),
(928, 50, 3, 487, 2, '2017-11-17', 17),
(929, 90, 3, 485, 1, '2017-11-17', 5),
(930, 70, 3, 489, 2, '2017-11-17', 6),
(931, 60, 3, 488, 2, '2017-11-17', 9),
(932, 60, 3, 445, 2, '2017-11-17', 23),
(933, 60, 3, 489, 2, '2017-11-17', 6),
(934, 70, 3, 489, 2, '2017-11-17', 6),
(935, 60, 3, 488, 2, '2017-11-17', 9),
(936, 70, 3, 488, 2, '2017-11-17', 9),
(937, 80, 3, 210, 1, '2017-11-17', 1),
(938, 70, 3, 488, 2, '2017-11-17', 9),
(939, 70, 3, 445, 2, '2017-11-17', 23),
(940, 60, 3, 488, 2, '2017-11-17', 9),
(941, 90, 3, 488, 1, '2017-11-17', 9),
(942, 50, 3, 490, 2, '2017-11-17', 22),
(943, 70, 3, 490, 2, '2017-11-17', 22),
(944, 90, 3, 175, 1, '2017-11-17', 4),
(945, 50, 3, 490, 2, '2017-11-17', 22),
(946, 70, 3, 490, 2, '2017-11-17', 22),
(947, 100, 3, 490, 1, '2017-11-17', 22),
(948, 90, 3, 481, 1, '2017-11-17', 9),
(949, 60, 3, 491, 2, '2017-11-17', 9),
(950, 80, 3, 491, 1, '2017-11-17', 9),
(951, 60, 3, 489, 2, '2017-11-17', 6),
(952, 60, 3, 489, 2, '2017-11-17', 6),
(953, 80, 3, 489, 1, '2017-11-17', 6),
(954, 70, 3, 464, 2, '2017-11-17', 12),
(955, 70, 3, 493, 2, '2017-11-17', 1),
(956, 80, 3, 493, 1, '2017-11-17', 1),
(957, 50, 3, 464, 2, '2017-11-17', 12),
(958, 80, 3, 464, 1, '2017-11-17', 12),
(959, 90, 3, 495, 1, '2017-11-17', 6),
(960, 70, 3, 494, 2, '2017-11-17', 6),
(961, 80, 3, 487, 1, '2017-11-17', 17),
(962, 60, 3, 498, 2, '2017-11-17', 6),
(963, 100, 3, 463, 1, '2017-11-17', 6),
(964, 80, 3, 497, 1, '2017-11-17', 6),
(965, 80, 3, 494, 1, '2017-11-17', 6),
(966, 90, 3, 292, 1, '2017-11-17', 12),
(967, 60, 3, 436, 2, '2017-11-18', 6),
(968, 60, 3, 436, 2, '2017-11-18', 6),
(969, 80, 3, 436, 1, '2017-11-18', 6),
(970, 50, 3, 437, 2, '2017-11-18', 5),
(971, 70, 3, 437, 2, '2017-11-18', 5),
(972, 90, 3, 437, 1, '2017-11-18', 5),
(973, 60, 3, 299, 2, '2017-11-18', 5),
(974, 80, 3, 299, 1, '2017-11-18', 5),
(975, 40, 3, 426, 2, '2017-11-18', 7),
(976, 70, 3, 426, 2, '2017-11-18', 7),
(977, 70, 3, 426, 2, '2017-11-18', 7),
(978, 100, 3, 429, 1, '2017-11-18', 22),
(979, 30, 3, 426, 2, '2017-11-18', 7),
(980, 90, 3, 426, 1, '2017-11-18', 7),
(981, 90, 3, 502, 1, '2017-11-18', 22),
(982, 50, 3, 435, 2, '2017-11-18', 6),
(983, 70, 3, 500, 2, '2017-11-18', 6),
(984, 0, 3, 500, 2, '2017-11-18', 6),
(985, 0, 3, 500, 2, '2017-11-18', 6),
(986, 50, 3, 500, 2, '2017-11-18', 6),
(987, 70, 3, 435, 2, '2017-11-18', 6),
(988, 80, 3, 500, 1, '2017-11-18', 6),
(989, 70, 3, 435, 2, '2017-11-18', 6),
(990, 90, 3, 501, 1, '2017-11-18', 6),
(991, 90, 3, 503, 1, '2017-11-18', 5),
(992, 80, 3, 504, 1, '2017-11-18', 3),
(993, 70, 3, 496, 2, '2017-11-18', 22),
(994, 60, 3, 496, 2, '2017-11-18', 22),
(995, 40, 3, 496, 2, '2017-11-18', 22),
(996, 60, 3, 496, 2, '2017-11-18', 22),
(997, 80, 3, 496, 1, '2017-11-18', 22),
(998, 60, 3, 505, 2, '2017-11-18', 4),
(999, 50, 3, 200, 2, '2017-11-18', 2),
(1000, 90, 3, 200, 1, '2017-11-18', 2),
(1001, 70, 3, 445, 2, '2017-11-18', 23),
(1002, 70, 3, 445, 2, '2017-11-18', 23),
(1003, 70, 3, 471, 2, '2017-11-18', 22),
(1004, 60, 3, 295, 2, '2017-11-18', 12),
(1005, 70, 3, 445, 2, '2017-11-18', 23),
(1006, 80, 3, 295, 1, '2017-11-18', 12),
(1007, 70, 3, 510, 2, '2017-11-18', 4),
(1008, 60, 3, 510, 2, '2017-11-18', 4),
(1009, 80, 3, 419, 1, '2017-11-18', 12),
(1010, 60, 3, 510, 2, '2017-11-18', 4),
(1011, 90, 3, 471, 1, '2017-11-18', 22),
(1012, 90, 3, 510, 1, '2017-11-18', 4),
(1013, 60, 3, 397, 2, '2017-11-18', 21),
(1014, 70, 3, 278, 2, '2017-11-18', 4),
(1015, 70, 3, 278, 2, '2017-11-18', 4),
(1016, 90, 3, 278, 1, '2017-11-18', 4),
(1017, 90, 3, 511, 1, '2017-11-18', 4),
(1018, 100, 3, 205, 1, '2017-11-18', 12),
(1019, 90, 3, 354, 1, '2017-11-18', 23),
(1020, 60, 3, 512, 2, '2017-11-19', 11),
(1021, 70, 3, 512, 2, '2017-11-19', 11),
(1022, 40, 3, 512, 2, '2017-11-19', 11),
(1023, 70, 3, 512, 2, '2017-11-19', 11),
(1024, 60, 3, 512, 2, '2017-11-19', 11),
(1025, 40, 3, 512, 2, '2017-11-19', 11),
(1026, 80, 3, 512, 1, '2017-11-19', 11),
(1027, 70, 3, 492, 2, '2017-11-19', 8),
(1028, 80, 3, 492, 1, '2017-11-19', 8),
(1029, 60, 3, 513, 2, '2017-11-19', 12),
(1030, 90, 3, 513, 1, '2017-11-19', 12),
(1031, 40, 3, 397, 2, '2017-11-19', 21),
(1032, 50, 3, 397, 2, '2017-11-19', 21),
(1033, 50, 3, 443, 2, '2017-11-19', 6),
(1034, 90, 3, 443, 1, '2017-11-19', 6),
(1035, 50, 3, 514, 2, '2017-11-19', 6),
(1036, 50, 3, 514, 2, '2017-11-19', 6),
(1037, 50, 3, 515, 2, '2017-11-19', 3),
(1038, 50, 3, 515, 2, '2017-11-19', 3),
(1039, 40, 3, 514, 2, '2017-11-19', 6),
(1040, 60, 3, 515, 2, '2017-11-19', 3),
(1041, 90, 3, 516, 1, '2017-11-19', 7),
(1042, 40, 3, 514, 2, '2017-11-19', 6),
(1043, 50, 3, 514, 2, '2017-11-19', 6),
(1044, 50, 3, 514, 2, '2017-11-19', 6),
(1045, 60, 3, 514, 2, '2017-11-19', 6),
(1046, 60, 3, 514, 2, '2017-11-19', 6),
(1047, 50, 3, 514, 2, '2017-11-19', 6),
(1048, 70, 3, 397, 2, '2017-11-19', 21),
(1049, 60, 3, 397, 2, '2017-11-19', 21),
(1050, 70, 3, 397, 2, '2017-11-19', 21),
(1051, 70, 3, 397, 2, '2017-11-19', 21),
(1052, 60, 3, 517, 2, '2017-11-19', 12),
(1053, 60, 3, 517, 2, '2017-11-19', 12),
(1054, 80, 3, 517, 1, '2017-11-19', 12),
(1055, 0, 3, 515, 2, '2017-11-19', 3),
(1056, 70, 3, 227, 2, '2017-11-19', 12),
(1057, 80, 3, 347, 1, '2017-11-19', 2),
(1058, 80, 3, 227, 1, '2017-11-19', 12),
(1059, 60, 3, 518, 2, '2017-11-19', 11),
(1060, 60, 3, 518, 2, '2017-11-19', 11),
(1061, 60, 3, 518, 2, '2017-11-19', 11),
(1062, 60, 3, 515, 2, '2017-11-19', 3),
(1063, 70, 3, 518, 2, '2017-11-19', 11),
(1064, 30, 3, 518, 2, '2017-11-19', 11),
(1065, 80, 3, 514, 1, '2017-11-19', 6),
(1066, 80, 3, 519, 1, '2017-11-19', 6),
(1067, 80, 3, 518, 1, '2017-11-19', 11),
(1068, 70, 3, 515, 2, '2017-11-19', 3),
(1069, 80, 3, 397, 1, '2017-11-19', 21),
(1070, 90, 3, 521, 1, '2017-11-19', 22),
(1071, 100, 3, 522, 1, '2017-11-19', 10),
(1072, 90, 3, 523, 1, '2017-11-19', 6),
(1073, 70, 3, 506, 2, '2017-11-20', 11),
(1074, 50, 3, 506, 2, '2017-11-20', 11),
(1075, 70, 3, 524, 2, '2017-11-20', 6),
(1076, 90, 3, 524, 1, '2017-11-20', 6),
(1077, 60, 3, 506, 2, '2017-11-20', 11),
(1078, 60, 3, 506, 2, '2017-11-20', 11),
(1079, 70, 3, 506, 2, '2017-11-20', 11),
(1080, 80, 3, 423, 1, '2017-11-20', 6),
(1081, 70, 3, 467, 2, '2017-11-20', 6),
(1082, 70, 3, 506, 2, '2017-11-20', 11),
(1083, 70, 3, 467, 2, '2017-11-20', 6),
(1084, 70, 3, 506, 2, '2017-11-20', 11),
(1085, 80, 3, 467, 1, '2017-11-20', 6),
(1086, 80, 3, 506, 1, '2017-11-20', 11),
(1087, 80, 3, 509, 1, '2017-11-20', 6),
(1088, 90, 3, 526, 1, '2017-11-20', 6),
(1089, 70, 3, 527, 2, '2017-11-20', 6),
(1090, 60, 3, 527, 2, '2017-11-20', 6),
(1091, 50, 3, 527, 2, '2017-11-20', 6),
(1092, 60, 3, 527, 2, '2017-11-20', 6),
(1093, 30, 3, 527, 2, '2017-11-20', 6),
(1094, 30, 3, 527, 2, '2017-11-20', 6),
(1095, 50, 3, 529, 2, '2017-11-20', 13),
(1096, 50, 3, 529, 2, '2017-11-20', 13),
(1097, 70, 3, 529, 2, '2017-11-20', 13),
(1098, 70, 3, 529, 2, '2017-11-20', 13),
(1099, 60, 3, 528, 2, '2017-11-20', 6),
(1100, 80, 3, 529, 1, '2017-11-20', 13),
(1101, 80, 3, 528, 1, '2017-11-20', 6),
(1102, 90, 3, 530, 1, '2017-11-20', 6),
(1103, 80, 3, 508, 1, '2017-11-20', 6),
(1104, 80, 3, 532, 1, '2017-11-20', 8),
(1105, 80, 3, 531, 1, '2017-11-20', 6),
(1106, 60, 3, 533, 2, '2017-11-20', 8),
(1107, 50, 3, 533, 2, '2017-11-20', 8),
(1108, 90, 3, 533, 1, '2017-11-20', 8),
(1109, 60, 3, 534, 2, '2017-11-20', 3),
(1110, 60, 3, 534, 2, '2017-11-20', 3),
(1111, 50, 3, 534, 2, '2017-11-20', 3),
(1112, 60, 3, 452, 2, '2017-11-20', 35),
(1113, 50, 3, 534, 2, '2017-11-20', 3),
(1114, 60, 3, 534, 2, '2017-11-20', 3),
(1115, 70, 3, 534, 2, '2017-11-20', 3),
(1116, 60, 3, 534, 2, '2017-11-20', 3),
(1117, 70, 3, 535, 2, '2017-11-20', 12),
(1118, 80, 3, 452, 1, '2017-11-20', 35),
(1119, 20, 3, 535, 2, '2017-11-20', 12),
(1120, 70, 3, 535, 2, '2017-11-20', 12),
(1121, 90, 3, 535, 1, '2017-11-20', 12),
(1122, 60, 3, 536, 2, '2017-11-20', 8),
(1123, 80, 3, 536, 1, '2017-11-20', 8),
(1124, 60, 3, 534, 2, '2017-11-20', 3),
(1125, 60, 3, 534, 2, '2017-11-20', 3),
(1126, 60, 3, 435, 2, '2017-11-20', 6),
(1127, 50, 3, 435, 2, '2017-11-20', 6),
(1128, 60, 3, 435, 2, '2017-11-20', 6),
(1129, 40, 3, 435, 2, '2017-11-20', 6),
(1130, 60, 3, 435, 2, '2017-11-20', 6),
(1131, 100, 3, 534, 1, '2017-11-20', 3),
(1132, 70, 3, 537, 2, '2017-11-21', 3),
(1133, 80, 3, 537, 1, '2017-11-21', 3),
(1134, 40, 3, 507, 2, '2017-11-21', 6),
(1135, 40, 3, 507, 2, '2017-11-21', 6),
(1136, 50, 3, 538, 2, '2017-11-21', 22),
(1137, 40, 3, 507, 2, '2017-11-21', 6),
(1138, 40, 3, 507, 2, '2017-11-21', 6),
(1139, 70, 3, 507, 2, '2017-11-21', 6),
(1140, 30, 3, 507, 2, '2017-11-21', 6),
(1141, 60, 3, 507, 2, '2017-11-21', 6),
(1142, 70, 3, 507, 2, '2017-11-21', 6),
(1143, 50, 3, 507, 2, '2017-11-21', 6),
(1144, 50, 3, 538, 2, '2017-11-21', 22),
(1145, 50, 3, 538, 2, '2017-11-21', 22),
(1146, 70, 3, 540, 2, '2017-11-21', 8),
(1147, 80, 3, 540, 1, '2017-11-21', 8),
(1148, 60, 3, 539, 2, '2017-11-21', 6),
(1149, 70, 3, 507, 2, '2017-11-21', 6),
(1150, 90, 3, 507, 1, '2017-11-21', 6),
(1151, 40, 3, 541, 2, '2017-11-21', 6),
(1152, 50, 3, 541, 2, '2017-11-21', 6),
(1153, 70, 3, 541, 2, '2017-11-21', 6),
(1154, 80, 3, 541, 1, '2017-11-21', 6),
(1155, 50, 3, 435, 2, '2017-11-21', 6),
(1156, 80, 3, 542, 1, '2017-11-21', 7),
(1157, 80, 3, 539, 1, '2017-11-21', 6),
(1158, 70, 3, 435, 2, '2017-11-21', 6),
(1159, 70, 3, 435, 2, '2017-11-21', 6),
(1160, 80, 3, 435, 1, '2017-11-21', 6),
(1161, 60, 3, 538, 2, '2017-11-21', 22),
(1162, 70, 3, 543, 2, '2017-11-21', 7),
(1163, 60, 3, 515, 2, '2017-11-21', 3),
(1164, 60, 3, 544, 2, '2017-11-21', 8),
(1165, 70, 3, 544, 2, '2017-11-21', 8),
(1166, 60, 3, 544, 2, '2017-11-21', 8),
(1167, 70, 3, 544, 2, '2017-11-21', 8),
(1168, 70, 3, 544, 2, '2017-11-21', 8),
(1169, 50, 3, 544, 2, '2017-11-21', 8),
(1170, 50, 3, 544, 2, '2017-11-21', 8),
(1171, 50, 3, 515, 2, '2017-11-21', 3),
(1172, 80, 3, 544, 1, '2017-11-21', 8),
(1173, 40, 3, 515, 2, '2017-11-21', 3),
(1174, 50, 3, 515, 2, '2017-11-21', 3),
(1175, 60, 3, 546, 2, '2017-11-21', 4),
(1176, 60, 3, 515, 2, '2017-11-21', 3),
(1177, 30, 3, 515, 2, '2017-11-21', 3),
(1178, 70, 3, 546, 2, '2017-11-21', 4),
(1179, 50, 3, 515, 2, '2017-11-21', 3),
(1180, 70, 3, 546, 2, '2017-11-21', 4),
(1181, 80, 3, 515, 1, '2017-11-21', 3),
(1182, 40, 3, 543, 2, '2017-11-21', 7),
(1183, 60, 3, 543, 2, '2017-11-21', 7),
(1184, 50, 3, 543, 2, '2017-11-21', 7),
(1185, 20, 3, 543, 2, '2017-11-21', 7),
(1186, 60, 3, 543, 2, '2017-11-21', 7),
(1187, 30, 3, 545, 2, '2017-11-21', 6),
(1188, 40, 3, 543, 2, '2017-11-21', 7),
(1189, 50, 3, 543, 2, '2017-11-21', 7),
(1190, 60, 3, 545, 2, '2017-11-21', 6),
(1191, 60, 3, 97, 2, '2017-11-21', 8),
(1192, 80, 3, 543, 1, '2017-11-21', 7),
(1193, 30, 3, 545, 2, '2017-11-21', 6),
(1194, 40, 3, 545, 2, '2017-11-21', 6),
(1195, 40, 3, 545, 2, '2017-11-21', 6),
(1196, 90, 3, 97, 1, '2017-11-21', 8),
(1197, 60, 3, 545, 2, '2017-11-21', 6),
(1198, 80, 3, 545, 1, '2017-11-21', 6),
(1199, 40, 3, 279, 2, '2017-11-21', 8),
(1200, 60, 3, 279, 2, '2017-11-21', 8),
(1201, 60, 3, 548, 2, '2017-11-21', 8),
(1202, 40, 3, 279, 2, '2017-11-21', 8),
(1203, 70, 3, 548, 2, '2017-11-21', 8),
(1204, 70, 3, 548, 2, '2017-11-21', 8),
(1205, 40, 3, 279, 2, '2017-11-21', 8),
(1206, 70, 3, 548, 2, '2017-11-21', 8),
(1207, 90, 3, 548, 1, '2017-11-21', 8),
(1208, 90, 3, 279, 1, '2017-11-21', 8),
(1209, 50, 3, 108, 2, '2017-11-21', 3),
(1210, 80, 3, 108, 1, '2017-11-21', 3),
(1211, 70, 3, 549, 2, '2017-11-21', 7),
(1212, 70, 3, 549, 2, '2017-11-21', 7),
(1213, 60, 3, 549, 2, '2017-11-21', 7),
(1214, 60, 3, 549, 2, '2017-11-21', 7),
(1215, 60, 3, 549, 2, '2017-11-21', 7),
(1216, 70, 3, 549, 2, '2017-11-21', 7),
(1217, 50, 3, 549, 2, '2017-11-21', 7),
(1218, 50, 3, 549, 2, '2017-11-21', 7),
(1219, 70, 3, 549, 2, '2017-11-21', 7),
(1220, 40, 3, 549, 2, '2017-11-21', 7),
(1221, 60, 3, 549, 2, '2017-11-21', 7),
(1222, 60, 3, 549, 2, '2017-11-21', 7),
(1223, 40, 3, 549, 2, '2017-11-21', 7),
(1224, 50, 3, 549, 2, '2017-11-21', 7),
(1225, 80, 3, 549, 1, '2017-11-21', 7),
(1226, 80, 3, 470, 1, '2017-11-21', 22),
(1227, 60, 3, 552, 2, '2017-11-21', 22),
(1228, 50, 3, 552, 2, '2017-11-21', 22),
(1229, 50, 3, 552, 2, '2017-11-21', 22),
(1230, 60, 3, 551, 2, '2017-11-21', 8),
(1231, 70, 3, 551, 2, '2017-11-21', 8),
(1232, 30, 3, 551, 2, '2017-11-21', 8),
(1233, 60, 3, 551, 2, '2017-11-21', 8),
(1234, 90, 3, 551, 1, '2017-11-21', 8),
(1235, 50, 3, 552, 2, '2017-11-21', 22),
(1236, 70, 3, 552, 2, '2017-11-21', 22),
(1237, 90, 3, 552, 1, '2017-11-21', 22),
(1238, 50, 3, 555, 2, '2017-11-21', 8),
(1239, 70, 3, 555, 2, '2017-11-21', 8),
(1240, 80, 3, 555, 1, '2017-11-21', 8),
(1241, 70, 3, 553, 2, '2017-11-21', 22),
(1242, 70, 3, 553, 2, '2017-11-21', 22),
(1243, 0, 3, 553, 2, '2017-11-21', 22),
(1244, 50, 3, 553, 2, '2017-11-21', 22),
(1245, 70, 3, 553, 2, '2017-11-21', 22),
(1246, 40, 3, 553, 2, '2017-11-21', 22),
(1247, 60, 3, 553, 2, '2017-11-21', 22),
(1248, 50, 3, 553, 2, '2017-11-21', 22),
(1249, 40, 3, 553, 2, '2017-11-21', 22),
(1250, 40, 3, 553, 2, '2017-11-21', 22),
(1251, 30, 3, 553, 2, '2017-11-21', 22),
(1252, 40, 3, 553, 2, '2017-11-21', 22),
(1253, 60, 3, 553, 2, '2017-11-21', 22),
(1254, 10, 3, 553, 2, '2017-11-21', 22),
(1255, 60, 3, 553, 2, '2017-11-21', 22),
(1256, 40, 3, 553, 2, '2017-11-21', 22),
(1257, 60, 3, 553, 2, '2017-11-21', 22),
(1258, 30, 3, 553, 2, '2017-11-21', 22),
(1259, 30, 3, 553, 2, '2017-11-21', 22),
(1260, 50, 3, 553, 2, '2017-11-21', 22),
(1261, 80, 3, 527, 1, '2017-11-21', 6),
(1262, 80, 3, 458, 1, '2017-11-21', 9),
(1263, 30, 3, 556, 2, '2017-11-21', 9),
(1264, 60, 3, 554, 2, '2017-11-21', 7),
(1265, 80, 3, 554, 1, '2017-11-21', 7),
(1266, 80, 3, 557, 1, '2017-11-21', 7),
(1267, 80, 3, 558, 1, '2017-11-21', 7),
(1268, 70, 3, 559, 2, '2017-11-21', 7),
(1269, 90, 3, 559, 1, '2017-11-21', 7),
(1270, 40, 3, 556, 2, '2017-11-21', 9),
(1271, 40, 3, 556, 2, '2017-11-21', 9),
(1272, 50, 3, 556, 2, '2017-11-21', 9),
(1273, 60, 3, 556, 2, '2017-11-21', 9),
(1274, 60, 3, 556, 2, '2017-11-21', 9),
(1275, 60, 3, 556, 2, '2017-11-21', 9),
(1276, 80, 3, 556, 1, '2017-11-21', 9),
(1277, 90, 3, 358, 1, '2017-11-21', 11),
(1278, 60, 3, 219, 2, '2017-11-21', 19),
(1279, 50, 3, 219, 2, '2017-11-22', 19),
(1280, 80, 3, 561, 1, '2017-11-22', 8),
(1281, 0, 3, 562, 2, '2017-11-22', 7),
(1282, 0, 3, 562, 2, '2017-11-22', 7),
(1283, 0, 3, 562, 2, '2017-11-22', 7),
(1284, 100, 3, 562, 1, '2017-11-22', 7),
(1285, 80, 3, 310, 1, '2017-11-22', 30),
(1286, 90, 3, 301, 1, '2017-11-22', 8),
(1287, 60, 3, 325, 2, '2017-11-22', 10),
(1288, 70, 3, 563, 2, '2017-11-22', 22),
(1289, 60, 3, 325, 2, '2017-11-22', 10),
(1290, 50, 3, 325, 2, '2017-11-22', 10),
(1291, 80, 3, 563, 1, '2017-11-22', 22),
(1292, 90, 3, 325, 1, '2017-11-22', 10),
(1293, 90, 3, 339, 1, '2017-11-22', 22),
(1294, 80, 3, 565, 1, '2017-11-22', 6),
(1295, 90, 3, 166, 1, '2017-11-22', 5),
(1296, 80, 3, 566, 1, '2017-11-22', 3),
(1297, 70, 3, 567, 2, '2017-11-22', 7),
(1298, 50, 3, 567, 2, '2017-11-22', 7),
(1299, 70, 3, 567, 2, '2017-11-22', 7),
(1300, 90, 3, 567, 1, '2017-11-22', 7),
(1301, 70, 3, 569, 2, '2017-11-23', 7),
(1302, 60, 3, 570, 2, '2017-11-23', 8),
(1303, 60, 3, 569, 2, '2017-11-23', 7),
(1304, 100, 3, 570, 1, '2017-11-23', 8),
(1305, 50, 3, 569, 2, '2017-11-23', 7),
(1306, 60, 3, 569, 2, '2017-11-23', 7),
(1307, 60, 3, 569, 2, '2017-11-23', 7),
(1308, 50, 3, 569, 2, '2017-11-23', 7),
(1309, 70, 3, 351, 2, '2017-11-23', 18),
(1310, 70, 3, 351, 2, '2017-11-23', 18),
(1311, 60, 3, 351, 2, '2017-11-23', 18),
(1312, 30, 3, 351, 2, '2017-11-23', 18),
(1313, 60, 3, 294, 2, '2017-11-23', 18),
(1314, 90, 3, 571, 1, '2017-11-23', 8),
(1315, 50, 3, 294, 2, '2017-11-23', 18),
(1316, 50, 3, 294, 2, '2017-11-23', 18),
(1317, 50, 3, 294, 2, '2017-11-23', 18),
(1318, 70, 3, 294, 2, '2017-11-23', 18),
(1319, 60, 3, 294, 2, '2017-11-23', 18),
(1320, 60, 3, 282, 2, '2017-11-23', 6),
(1321, 60, 3, 282, 2, '2017-11-23', 6),
(1322, 80, 3, 572, 1, '2017-11-23', 8);

-- --------------------------------------------------------

--
-- Table structure for table `crearexamen`
--

CREATE TABLE `crearexamen` (
  `idcrear` int(11) NOT NULL,
  `idexamen` int(11) NOT NULL,
  `idpregunta` int(11) NOT NULL
) ENGINE=InnoDB DEFAULT CHARSET=latin1;

--
-- Dumping data for table `crearexamen`
--

INSERT INTO `crearexamen` (`idcrear`, `idexamen`, `idpregunta`) VALUES
(1, 1, 1),
(2, 1, 2),
(3, 2, 2),
(4, 3, 59),
(5, 3, 60),
(6, 3, 61),
(7, 3, 62),
(8, 3, 63),
(9, 3, 64),
(10, 3, 65),
(11, 3, 66),
(12, 3, 67),
(13, 3, 68),
(14, 3, 69),
(15, 3, 70),
(16, 3, 71),
(17, 3, 72),
(18, 3, 73),
(19, 3, 74),
(20, 3, 75),
(21, 3, 76),
(22, 3, 77),
(23, 3, 78),
(24, 3, 79),
(25, 3, 80),
(26, 3, 81),
(27, 3, 82),
(28, 3, 83),
(29, 3, 84),
(30, 3, 85),
(31, 3, 86),
(32, 3, 87);

-- --------------------------------------------------------

--
-- Table structure for table `estatus`
--

CREATE TABLE `estatus` (
  `idestatus` int(11) NOT NULL,
  `tipo` varchar(15) NOT NULL
) ENGINE=InnoDB DEFAULT CHARSET=latin1;

--
-- Dumping data for table `estatus`
--

INSERT INTO `estatus` (`idestatus`, `tipo`) VALUES
(1, 'aprobado'),
(2, 'reprobado');

-- --------------------------------------------------------

--
-- Table structure for table `examen`
--

CREATE TABLE `examen` (
  `idexamen` int(11) NOT NULL,
  `nombre` varchar(30) NOT NULL,
  `idcertificado` varchar(4) NOT NULL
) ENGINE=InnoDB DEFAULT CHARSET=latin1;

--
-- Dumping data for table `examen`
--

INSERT INTO `examen` (`idexamen`, `nombre`, `idcertificado`) VALUES
(1, 'TEF', '1Eic'),
(2, 'HCM', 'Ur5w'),
(3, 'CD-04602-IT ', 'Jt8F');

-- --------------------------------------------------------

--
-- Table structure for table `modulos`
--

CREATE TABLE `modulos` (
  `idmodulo` int(11) NOT NULL,
  `modulo` int(11) NOT NULL,
  `estatus` tinyint(1) NOT NULL,
  `idexamen` int(11) NOT NULL,
  `no_empleado` int(11) NOT NULL
) ENGINE=InnoDB DEFAULT CHARSET=latin1;

--
-- Dumping data for table `modulos`
--

INSERT INTO `modulos` (`idmodulo`, `modulo`, `estatus`, `idexamen`, `no_empleado`) VALUES
(98, 1, 1, 3, 88),
(104, 1, 1, 3, 90),
(105, 2, 1, 3, 90),
(106, 3, 1, 3, 90),
(107, 1, 1, 3, 89),
(108, 2, 1, 3, 89),
(109, 3, 1, 3, 89),
(110, 4, 1, 3, 89),
(111, 5, 1, 3, 89),
(112, 1, 1, 3, 91),
(113, 1, 1, 3, 95),
(114, 2, 1, 3, 95),
(115, 3, 1, 3, 95),
(116, 4, 1, 3, 95),
(117, 5, 1, 3, 95),
(118, 1, 1, 3, 96),
(119, 2, 1, 3, 96),
(120, 3, 1, 3, 96),
(121, 4, 1, 3, 96),
(122, 5, 1, 3, 96),
(123, 1, 1, 3, 97),
(124, 1, 1, 3, 98),
(125, 1, 1, 3, 104),
(126, 2, 1, 3, 104),
(127, 3, 1, 3, 104),
(128, 4, 1, 3, 104),
(129, 1, 1, 3, 109),
(130, 2, 1, 3, 109),
(131, 3, 1, 3, 109),
(132, 5, 1, 3, 104),
(133, 4, 1, 3, 109),
(134, 5, 1, 3, 109),
(135, 1, 1, 3, 113),
(136, 1, 1, 3, 115),
(137, 2, 1, 3, 115),
(138, 3, 1, 3, 115),
(139, 4, 1, 3, 115),
(140, 5, 1, 3, 115),
(141, 1, 1, 3, 116),
(142, 2, 1, 3, 116),
(143, 3, 1, 3, 116),
(144, 4, 1, 3, 116),
(145, 5, 1, 3, 116),
(146, 1, 1, 3, 117),
(147, 1, 1, 3, 118),
(148, 2, 1, 3, 118),
(149, 3, 1, 3, 118),
(150, 4, 1, 3, 118),
(151, 5, 1, 3, 118),
(152, 1, 1, 3, 119),
(153, 2, 1, 3, 119),
(154, 3, 1, 3, 119),
(155, 4, 1, 3, 119),
(156, 5, 1, 3, 119),
(157, 1, 1, 3, 120),
(158, 2, 1, 3, 120),
(159, 3, 1, 3, 120),
(160, 4, 1, 3, 120),
(161, 5, 1, 3, 120),
(162, 1, 1, 3, 122),
(163, 2, 1, 3, 122),
(164, 3, 1, 3, 122),
(165, 4, 1, 3, 122),
(166, 5, 1, 3, 122),
(167, 1, 1, 3, 123),
(168, 2, 1, 3, 123),
(169, 3, 1, 3, 123),
(170, 4, 1, 3, 123),
(171, 5, 1, 3, 123),
(172, 1, 1, 3, 124),
(173, 1, 1, 3, 128),
(174, 2, 1, 3, 128),
(175, 3, 1, 3, 128),
(176, 4, 1, 3, 128),
(177, 5, 1, 3, 128),
(178, 1, 1, 3, 133),
(179, 2, 1, 3, 133),
(180, 1, 1, 3, 137),
(181, 2, 1, 3, 137),
(182, 3, 1, 3, 137),
(183, 4, 1, 3, 137),
(184, 3, 1, 3, 133),
(185, 5, 1, 3, 137),
(186, 4, 1, 3, 133),
(187, 1, 1, 3, 132),
(188, 5, 1, 3, 133),
(189, 1, 1, 3, 138),
(190, 1, 1, 3, 139),
(191, 2, 1, 3, 138),
(192, 3, 1, 3, 138),
(193, 4, 1, 3, 138),
(194, 1, 1, 3, 140),
(195, 5, 1, 3, 138),
(196, 2, 1, 3, 139),
(197, 1, 1, 3, 141),
(198, 2, 1, 3, 141),
(199, 2, 1, 3, 140),
(200, 3, 1, 3, 141),
(201, 3, 1, 3, 139),
(202, 4, 1, 3, 141),
(203, 3, 1, 3, 140),
(204, 5, 1, 3, 141),
(205, 4, 1, 3, 139),
(206, 1, 1, 3, 121),
(207, 4, 1, 3, 140),
(208, 5, 1, 3, 140),
(209, 5, 1, 3, 139),
(210, 1, 1, 3, 144),
(211, 1, 1, 3, 149),
(212, 1, 1, 3, 152),
(213, 2, 1, 3, 152),
(214, 1, 1, 3, 151),
(215, 3, 1, 3, 152),
(216, 4, 1, 3, 152),
(217, 2, 1, 3, 151),
(218, 1, 1, 3, 150),
(219, 5, 1, 3, 152),
(220, 3, 1, 3, 151),
(221, 4, 1, 3, 151),
(222, 1, 1, 3, 145),
(223, 5, 1, 3, 151),
(224, 2, 1, 3, 145),
(225, 1, 1, 3, 143),
(226, 3, 1, 3, 145),
(227, 4, 1, 3, 145),
(228, 2, 1, 3, 143),
(229, 5, 1, 3, 145),
(230, 3, 1, 3, 143),
(231, 1, 1, 3, 154),
(232, 4, 1, 3, 143),
(233, 5, 1, 3, 143),
(234, 2, 1, 3, 154),
(235, 1, 1, 3, 157),
(236, 1, 1, 3, 156),
(237, 2, 1, 3, 156),
(238, 2, 1, 3, 157),
(239, 3, 1, 3, 156),
(240, 4, 1, 3, 156),
(241, 5, 1, 3, 156),
(242, 1, 1, 3, 153),
(243, 1, 1, 3, 142),
(244, 2, 1, 3, 142),
(245, 1, 1, 3, 160),
(246, 2, 1, 3, 160),
(247, 3, 1, 3, 160),
(248, 4, 1, 3, 160),
(249, 5, 1, 3, 160),
(250, 1, 1, 3, 161),
(251, 2, 1, 3, 161),
(252, 3, 1, 3, 161),
(253, 4, 1, 3, 161),
(254, 5, 1, 3, 161),
(255, 1, 1, 3, 164),
(256, 1, 1, 3, 162),
(257, 2, 1, 3, 164),
(258, 3, 1, 3, 164),
(259, 4, 1, 3, 164),
(260, 5, 1, 3, 164),
(261, 2, 1, 3, 162),
(262, 3, 1, 3, 162),
(263, 4, 1, 3, 162),
(264, 5, 1, 3, 162),
(265, 1, 1, 3, 167),
(266, 1, 1, 3, 165),
(267, 2, 1, 3, 165),
(268, 3, 1, 3, 165),
(269, 4, 1, 3, 165),
(270, 5, 1, 3, 165),
(271, 2, 1, 3, 167),
(272, 3, 1, 3, 167),
(273, 4, 1, 3, 167),
(274, 5, 1, 3, 167),
(275, 1, 1, 3, 168),
(276, 2, 1, 3, 168),
(277, 3, 1, 3, 168),
(278, 4, 1, 3, 168),
(279, 5, 1, 3, 168),
(280, 1, 1, 3, 169),
(281, 2, 1, 3, 169),
(282, 1, 1, 3, 170),
(283, 2, 1, 3, 170),
(284, 3, 1, 3, 170),
(285, 3, 1, 3, 169),
(286, 4, 1, 3, 170),
(287, 5, 1, 3, 170),
(288, 4, 1, 3, 169),
(289, 1, 1, 3, 171),
(290, 5, 1, 3, 169),
(291, 1, 1, 3, 173),
(292, 2, 1, 3, 173),
(293, 3, 1, 3, 173),
(294, 4, 1, 3, 173),
(295, 5, 1, 3, 173),
(296, 2, 1, 3, 121),
(297, 3, 1, 3, 121),
(298, 1, 1, 3, 174),
(299, 2, 1, 3, 174),
(300, 3, 1, 3, 174),
(301, 4, 1, 3, 174),
(302, 5, 1, 3, 174),
(303, 1, 1, 3, 177),
(304, 2, 1, 3, 177),
(305, 1, 1, 3, 176),
(306, 2, 1, 3, 176),
(307, 1, 1, 3, 178),
(308, 3, 1, 3, 177),
(309, 3, 1, 3, 176),
(310, 4, 1, 3, 177),
(311, 4, 1, 3, 176),
(312, 5, 1, 3, 177),
(313, 1, 1, 3, 179),
(314, 2, 1, 3, 178),
(315, 3, 1, 3, 178),
(316, 2, 1, 3, 179),
(317, 4, 1, 3, 178),
(318, 5, 1, 3, 178),
(319, 3, 1, 3, 179),
(320, 4, 1, 3, 179),
(321, 5, 1, 3, 176),
(322, 1, 1, 3, 180),
(323, 5, 1, 3, 179),
(324, 2, 1, 3, 180),
(325, 1, 1, 3, 181),
(326, 2, 1, 3, 181),
(327, 1, 1, 3, 182),
(328, 2, 1, 3, 182),
(329, 3, 1, 3, 181),
(330, 4, 1, 3, 181),
(332, 5, 1, 3, 181),
(333, 1, 1, 3, 184),
(334, 2, 1, 3, 184),
(335, 1, 1, 3, 185),
(336, 2, 1, 3, 185),
(337, 3, 1, 3, 185),
(338, 4, 1, 3, 185),
(339, 5, 1, 3, 185),
(340, 4, 1, 3, 121),
(341, 3, 1, 3, 180),
(342, 4, 1, 3, 180),
(343, 5, 1, 3, 180),
(344, 1, 1, 3, 187),
(345, 1, 1, 3, 188),
(346, 2, 1, 3, 188),
(347, 3, 1, 3, 188),
(348, 1, 1, 3, 189),
(349, 4, 1, 3, 188),
(350, 5, 1, 3, 188),
(351, 2, 1, 3, 189),
(352, 3, 1, 3, 189),
(353, 4, 1, 3, 189),
(354, 5, 1, 3, 189),
(355, 2, 1, 3, 187),
(356, 3, 1, 3, 187),
(357, 4, 1, 3, 187),
(358, 5, 1, 3, 187),
(359, 1, 1, 3, 192),
(360, 2, 1, 3, 192),
(361, 1, 1, 3, 193),
(362, 3, 1, 3, 192),
(363, 2, 1, 3, 193),
(364, 3, 1, 3, 193),
(365, 4, 1, 3, 193),
(366, 5, 1, 3, 193),
(367, 4, 1, 3, 192),
(368, 5, 1, 3, 192),
(369, 1, 1, 3, 195),
(370, 2, 1, 3, 195),
(371, 3, 1, 3, 195),
(372, 4, 1, 3, 195),
(373, 5, 1, 3, 195),
(374, 1, 1, 3, 194),
(375, 2, 1, 3, 194),
(376, 1, 1, 3, 198),
(377, 2, 1, 3, 198),
(378, 1, 1, 3, 197),
(379, 3, 1, 3, 198),
(380, 1, 1, 3, 199),
(381, 4, 1, 3, 198),
(382, 2, 1, 3, 197),
(383, 5, 1, 3, 198),
(384, 2, 1, 3, 199),
(385, 3, 1, 3, 197),
(386, 3, 1, 3, 199),
(387, 4, 1, 3, 197),
(388, 4, 1, 3, 199),
(389, 5, 1, 3, 197),
(390, 5, 1, 3, 199),
(391, 2, 1, 3, 153),
(392, 2, 1, 3, 171),
(393, 3, 1, 3, 171),
(394, 4, 1, 3, 171),
(395, 5, 1, 3, 171),
(396, 1, 1, 3, 202),
(397, 2, 1, 3, 202),
(398, 3, 1, 3, 202),
(399, 4, 1, 3, 202),
(400, 5, 1, 3, 202),
(401, 1, 1, 3, 203),
(402, 2, 1, 3, 203),
(403, 3, 1, 3, 203),
(404, 4, 1, 3, 203),
(405, 5, 1, 3, 203),
(406, 1, 1, 3, 204),
(407, 2, 1, 3, 204),
(408, 3, 1, 3, 204),
(409, 4, 1, 3, 204),
(410, 5, 1, 3, 204),
(411, 1, 1, 3, 205),
(412, 1, 1, 3, 206),
(413, 2, 1, 3, 206),
(414, 5, 1, 3, 121),
(415, 1, 1, 3, 208),
(416, 2, 1, 3, 124),
(417, 1, 1, 3, 135),
(418, 3, 1, 3, 124),
(419, 4, 1, 3, 124),
(420, 1, 1, 3, 210),
(421, 2, 1, 3, 135),
(422, 5, 1, 3, 124),
(423, 1, 1, 3, 114),
(424, 2, 1, 3, 114),
(425, 3, 1, 3, 114),
(426, 4, 1, 3, 114),
(427, 5, 1, 3, 114),
(428, 3, 1, 3, 135),
(429, 3, 1, 3, 157),
(430, 4, 1, 3, 157),
(431, 5, 1, 3, 157),
(432, 1, 1, 3, 211),
(433, 4, 1, 3, 135),
(434, 2, 1, 3, 211),
(435, 3, 1, 3, 211),
(436, 4, 1, 3, 211),
(437, 5, 1, 3, 135),
(438, 5, 1, 3, 211),
(439, 1, 1, 3, 212),
(440, 2, 1, 3, 212),
(441, 3, 1, 3, 212),
(442, 4, 1, 3, 212),
(443, 5, 1, 3, 212),
(444, 1, 1, 3, 213),
(445, 2, 1, 3, 213),
(446, 1, 1, 3, 209),
(447, 2, 1, 3, 209),
(448, 3, 1, 3, 209),
(449, 4, 1, 3, 209),
(450, 3, 1, 3, 213),
(451, 4, 1, 3, 213),
(452, 5, 1, 3, 209),
(453, 5, 1, 3, 213),
(454, 1, 1, 3, 215),
(455, 2, 1, 3, 215),
(456, 3, 1, 3, 215),
(457, 1, 1, 3, 216),
(458, 4, 1, 3, 215),
(459, 2, 1, 3, 216),
(460, 3, 1, 3, 216),
(461, 5, 1, 3, 215),
(462, 4, 1, 3, 216),
(463, 5, 1, 3, 216),
(464, 3, 1, 3, 194),
(465, 4, 1, 3, 194),
(466, 5, 1, 3, 194),
(467, 1, 1, 3, 87),
(468, 2, 1, 3, 87),
(469, 3, 1, 3, 87),
(470, 4, 1, 3, 87),
(471, 1, 1, 3, 219),
(472, 5, 1, 3, 87),
(473, 2, 1, 3, 219),
(474, 1, 1, 3, 148),
(475, 3, 1, 3, 219),
(476, 4, 1, 3, 219),
(477, 2, 1, 3, 148),
(478, 5, 1, 3, 219),
(479, 1, 1, 3, 221),
(480, 2, 1, 3, 221),
(481, 3, 1, 3, 221),
(482, 4, 1, 3, 221),
(483, 5, 1, 3, 221),
(484, 1, 1, 3, 222),
(485, 2, 1, 3, 222),
(486, 3, 1, 3, 148),
(487, 3, 1, 3, 222),
(488, 4, 1, 3, 222),
(489, 5, 1, 3, 222),
(490, 4, 1, 3, 148),
(491, 5, 1, 3, 148),
(492, 2, 1, 3, 91),
(493, 1, 1, 3, 223),
(494, 2, 1, 3, 223),
(495, 3, 1, 3, 223),
(496, 4, 1, 3, 223),
(497, 5, 1, 3, 223),
(498, 1, 1, 3, 224),
(499, 2, 1, 3, 224),
(500, 3, 1, 3, 224),
(501, 4, 1, 3, 224),
(502, 5, 1, 3, 224),
(503, 1, 1, 3, 225),
(504, 2, 1, 3, 225),
(505, 1, 1, 3, 226),
(506, 2, 1, 3, 226),
(507, 3, 1, 3, 226),
(508, 4, 1, 3, 226),
(509, 5, 1, 3, 226),
(510, 3, 1, 3, 225),
(511, 4, 1, 3, 225),
(512, 5, 1, 3, 225),
(513, 1, 1, 3, 228),
(514, 2, 1, 3, 228),
(515, 3, 1, 3, 228),
(516, 4, 1, 3, 228),
(517, 5, 1, 3, 228),
(518, 1, 1, 3, 214),
(519, 2, 1, 3, 214),
(520, 3, 1, 3, 214),
(521, 4, 1, 3, 214),
(522, 1, 1, 3, 218),
(523, 5, 1, 3, 214),
(524, 2, 1, 3, 218),
(525, 3, 1, 3, 218),
(526, 4, 1, 3, 218),
(527, 5, 1, 3, 218),
(528, 3, 1, 3, 184),
(529, 4, 1, 3, 184),
(530, 5, 1, 3, 184),
(531, 3, 1, 3, 182),
(532, 4, 1, 3, 182),
(533, 5, 1, 3, 182),
(534, 1, 1, 3, 107),
(535, 2, 1, 3, 107),
(536, 3, 1, 3, 107),
(537, 4, 1, 3, 107),
(538, 5, 1, 3, 107),
(539, 1, 1, 3, 231),
(540, 1, 1, 3, 232),
(541, 2, 1, 3, 231),
(542, 3, 1, 3, 231),
(543, 2, 1, 3, 232),
(544, 4, 1, 3, 231),
(545, 5, 1, 3, 231),
(546, 3, 1, 3, 232),
(547, 4, 1, 3, 232),
(548, 5, 1, 3, 232),
(549, 1, 1, 3, 233),
(550, 2, 1, 3, 233),
(551, 3, 1, 3, 233),
(552, 4, 1, 3, 233),
(553, 5, 1, 3, 233),
(554, 1, 1, 3, 234),
(555, 2, 1, 3, 234),
(556, 3, 1, 3, 234),
(557, 4, 1, 3, 234),
(558, 5, 1, 3, 234),
(559, 2, 1, 3, 98),
(560, 3, 1, 3, 98),
(561, 4, 1, 3, 98),
(562, 5, 1, 3, 98),
(563, 1, 1, 3, 236),
(564, 2, 1, 3, 236),
(565, 3, 1, 3, 236),
(566, 4, 1, 3, 236),
(567, 5, 1, 3, 236),
(568, 1, 1, 3, 237),
(569, 2, 1, 3, 237),
(570, 3, 1, 3, 237),
(571, 4, 1, 3, 237),
(572, 5, 1, 3, 237),
(573, 1, 1, 3, 239),
(574, 2, 1, 3, 239),
(575, 1, 1, 3, 238),
(576, 3, 1, 3, 239),
(577, 4, 1, 3, 239),
(578, 2, 1, 3, 238),
(579, 5, 1, 3, 239),
(580, 3, 1, 3, 238),
(581, 4, 1, 3, 238),
(582, 5, 1, 3, 238),
(583, 1, 1, 3, 229),
(584, 2, 1, 3, 229),
(585, 3, 1, 3, 229),
(586, 4, 1, 3, 229),
(587, 5, 1, 3, 229),
(588, 1, 1, 3, 241),
(589, 2, 1, 3, 241),
(590, 3, 1, 3, 241),
(591, 4, 1, 3, 241),
(592, 5, 1, 3, 241),
(593, 1, 1, 3, 242),
(594, 1, 1, 3, 243),
(595, 1, 1, 3, 244),
(596, 2, 1, 3, 242),
(597, 2, 1, 3, 243),
(598, 3, 1, 3, 242),
(599, 2, 1, 3, 244),
(600, 4, 1, 3, 242),
(601, 3, 1, 3, 243),
(602, 3, 1, 3, 244),
(603, 4, 1, 3, 243),
(604, 5, 1, 3, 242),
(605, 4, 1, 3, 244),
(606, 5, 1, 3, 243),
(607, 5, 1, 3, 244),
(609, 1, 1, 3, 110),
(610, 1, 1, 3, 245),
(611, 2, 1, 3, 110),
(612, 3, 1, 3, 110),
(613, 4, 1, 3, 110),
(614, 5, 1, 3, 110),
(615, 2, 1, 3, 245),
(616, 3, 1, 3, 245),
(617, 4, 1, 3, 245),
(618, 5, 1, 3, 245),
(619, 1, 1, 3, 227),
(620, 1, 1, 3, 163),
(621, 2, 1, 3, 163),
(622, 3, 1, 3, 163),
(623, 4, 1, 3, 163),
(624, 5, 1, 3, 163),
(625, 2, 1, 3, 227),
(626, 1, 1, 3, 246),
(627, 1, 1, 3, 247),
(628, 2, 1, 3, 246),
(629, 1, 1, 3, 248),
(630, 2, 1, 3, 248),
(631, 2, 1, 3, 247),
(632, 3, 1, 3, 246),
(633, 3, 1, 3, 248),
(634, 4, 1, 3, 248),
(635, 5, 1, 3, 248),
(636, 4, 1, 3, 246),
(637, 3, 1, 3, 247),
(638, 5, 1, 3, 246),
(639, 4, 1, 3, 247),
(640, 5, 1, 3, 247),
(641, 2, 1, 3, 113),
(642, 3, 1, 3, 113),
(643, 4, 1, 3, 113),
(644, 5, 1, 3, 113),
(645, 1, 1, 3, 249),
(646, 2, 1, 3, 249),
(647, 3, 1, 3, 249),
(648, 4, 1, 3, 249),
(649, 5, 1, 3, 249),
(650, 1, 1, 3, 250),
(651, 2, 1, 3, 250),
(652, 3, 1, 3, 250),
(653, 1, 1, 3, 251),
(654, 4, 1, 3, 250),
(655, 1, 1, 3, 253),
(656, 1, 1, 3, 252),
(657, 1, 1, 3, 127),
(658, 1, 1, 3, 254),
(659, 5, 1, 3, 250),
(660, 1, 1, 3, 256),
(661, 2, 1, 3, 253),
(662, 2, 1, 3, 127),
(663, 2, 1, 3, 256),
(664, 3, 1, 3, 256),
(665, 4, 1, 3, 256),
(666, 2, 1, 3, 251),
(667, 5, 1, 3, 256),
(668, 3, 1, 3, 253),
(669, 2, 1, 3, 254),
(670, 3, 1, 3, 127),
(671, 4, 1, 3, 127),
(672, 3, 1, 3, 251),
(673, 3, 1, 3, 254),
(674, 4, 1, 3, 253),
(675, 5, 1, 3, 127),
(676, 4, 1, 3, 251),
(677, 1, 1, 3, 259),
(678, 4, 1, 3, 254),
(679, 2, 1, 3, 252),
(680, 5, 1, 3, 251),
(681, 5, 1, 3, 253),
(682, 2, 1, 3, 259),
(683, 1, 1, 3, 258),
(684, 5, 1, 3, 254),
(685, 3, 1, 3, 259),
(686, 4, 1, 3, 259),
(687, 2, 1, 3, 258),
(688, 3, 1, 3, 258),
(689, 3, 1, 3, 252),
(690, 4, 1, 3, 258),
(691, 5, 1, 3, 259),
(692, 5, 1, 3, 258),
(693, 1, 1, 3, 262),
(694, 1, 1, 3, 261),
(695, 2, 1, 3, 262),
(696, 4, 1, 3, 252),
(697, 3, 1, 3, 262),
(698, 2, 1, 3, 261),
(699, 4, 1, 3, 262),
(700, 5, 1, 3, 262),
(701, 3, 1, 3, 261),
(702, 4, 1, 3, 261),
(703, 5, 1, 3, 261),
(704, 5, 1, 3, 252),
(705, 1, 1, 3, 263),
(706, 2, 1, 3, 263),
(707, 3, 1, 3, 263),
(708, 1, 1, 3, 240),
(709, 1, 1, 3, 257),
(710, 4, 1, 3, 263),
(711, 2, 1, 3, 257),
(712, 3, 1, 3, 257),
(713, 1, 1, 3, 264),
(714, 5, 1, 3, 263),
(715, 2, 1, 3, 264),
(716, 3, 1, 3, 264),
(717, 4, 1, 3, 264),
(718, 5, 1, 3, 264),
(719, 1, 1, 3, 265),
(720, 2, 1, 3, 265),
(721, 4, 1, 3, 257),
(722, 3, 1, 3, 265),
(723, 4, 1, 3, 265),
(724, 5, 1, 3, 265),
(725, 5, 1, 3, 257),
(726, 1, 1, 3, 266),
(727, 1, 1, 3, 80),
(728, 2, 1, 3, 266),
(729, 3, 1, 3, 266),
(730, 4, 1, 3, 266),
(731, 1, 1, 3, 78),
(732, 5, 1, 3, 266),
(733, 2, 1, 3, 78),
(734, 3, 1, 3, 78),
(735, 4, 1, 3, 78),
(736, 5, 1, 3, 78),
(737, 1, 1, 3, 268),
(738, 2, 1, 3, 268),
(739, 3, 1, 3, 268),
(740, 4, 1, 3, 268),
(741, 5, 1, 3, 268),
(742, 1, 1, 3, 273),
(743, 2, 1, 3, 273),
(744, 1, 1, 3, 271),
(745, 3, 1, 3, 273),
(746, 4, 1, 3, 273),
(747, 5, 1, 3, 273),
(748, 1, 1, 3, 272),
(749, 1, 1, 3, 274),
(750, 2, 1, 3, 271),
(751, 2, 1, 3, 274),
(752, 1, 1, 3, 270),
(753, 1, 1, 3, 276),
(754, 1, 1, 3, 269),
(755, 3, 1, 3, 274),
(756, 2, 1, 3, 276),
(757, 3, 1, 3, 271),
(758, 3, 1, 3, 276),
(759, 2, 1, 3, 269),
(760, 4, 1, 3, 274),
(761, 4, 1, 3, 271),
(762, 1, 1, 3, 277),
(763, 4, 1, 3, 276),
(764, 5, 1, 3, 276),
(765, 2, 1, 3, 277),
(766, 2, 1, 3, 272),
(767, 5, 1, 3, 274),
(768, 3, 1, 3, 277),
(769, 5, 1, 3, 271),
(770, 4, 1, 3, 277),
(771, 5, 1, 3, 277),
(772, 3, 1, 3, 272),
(773, 4, 1, 3, 272),
(774, 2, 1, 3, 270),
(775, 3, 1, 3, 270),
(776, 4, 1, 3, 270),
(777, 5, 1, 3, 272),
(778, 5, 1, 3, 270),
(779, 1, 1, 3, 201),
(780, 2, 1, 3, 201),
(781, 3, 1, 3, 201),
(782, 1, 1, 3, 280),
(783, 2, 1, 3, 280),
(784, 4, 1, 3, 201),
(785, 1, 1, 3, 281),
(786, 2, 1, 3, 281),
(787, 5, 1, 3, 201),
(788, 3, 1, 3, 281),
(789, 4, 1, 3, 281),
(790, 5, 1, 3, 281),
(791, 1, 1, 3, 282),
(792, 2, 1, 3, 282),
(793, 3, 1, 3, 282),
(794, 4, 1, 3, 282),
(795, 5, 1, 3, 282),
(796, 3, 1, 3, 206),
(797, 4, 1, 3, 206),
(798, 5, 1, 3, 206),
(799, 2, 1, 3, 150),
(800, 3, 1, 3, 150),
(801, 4, 1, 3, 150),
(802, 5, 1, 3, 150),
(803, 1, 1, 3, 283),
(804, 1, 1, 3, 284),
(805, 2, 1, 3, 283),
(806, 2, 1, 3, 284),
(807, 3, 1, 3, 284),
(808, 3, 1, 3, 283),
(809, 4, 1, 3, 284),
(810, 5, 1, 3, 284),
(811, 4, 1, 3, 283),
(812, 5, 1, 3, 283),
(813, 1, 1, 3, 286),
(814, 1, 1, 3, 285),
(815, 2, 1, 3, 286),
(816, 3, 1, 3, 286),
(817, 4, 1, 3, 286),
(818, 5, 1, 3, 286),
(819, 2, 1, 3, 285),
(820, 1, 1, 3, 287),
(821, 3, 1, 3, 285),
(822, 2, 1, 3, 287),
(823, 1, 1, 3, 289),
(824, 2, 1, 3, 289),
(825, 3, 1, 3, 289),
(826, 4, 1, 3, 289),
(827, 5, 1, 3, 289),
(828, 4, 1, 3, 285),
(829, 5, 1, 3, 285),
(830, 1, 1, 3, 290),
(831, 2, 1, 3, 290),
(832, 3, 1, 3, 287),
(833, 4, 1, 3, 287),
(834, 5, 1, 3, 287),
(835, 3, 1, 3, 290),
(836, 4, 1, 3, 290),
(837, 1, 1, 3, 293),
(838, 2, 1, 3, 293),
(839, 5, 1, 3, 290),
(840, 2, 1, 3, 144),
(841, 3, 1, 3, 144),
(842, 4, 1, 3, 144),
(843, 5, 1, 3, 144),
(844, 1, 1, 3, 302),
(845, 2, 1, 3, 302),
(846, 3, 1, 3, 302),
(847, 4, 1, 3, 302),
(848, 1, 1, 3, 301),
(849, 5, 1, 3, 302),
(850, 1, 1, 3, 300),
(851, 2, 1, 3, 300),
(852, 3, 1, 3, 300),
(853, 4, 1, 3, 300),
(854, 5, 1, 3, 300),
(855, 1, 1, 3, 303),
(856, 2, 1, 3, 303),
(857, 3, 1, 3, 303),
(858, 4, 1, 3, 303),
(859, 5, 1, 3, 303),
(860, 1, 1, 3, 304),
(861, 1, 1, 3, 296),
(862, 2, 1, 3, 304),
(863, 3, 1, 3, 304),
(864, 4, 1, 3, 304),
(865, 1, 1, 3, 305),
(866, 5, 1, 3, 304),
(867, 2, 1, 3, 305),
(868, 3, 1, 3, 305),
(869, 2, 1, 3, 296),
(870, 4, 1, 3, 305),
(871, 5, 1, 3, 305),
(872, 1, 1, 3, 298),
(873, 2, 1, 3, 298),
(874, 3, 1, 3, 298),
(875, 4, 1, 3, 298),
(876, 5, 1, 3, 298),
(877, 1, 1, 3, 207),
(878, 2, 1, 3, 207),
(879, 3, 1, 3, 207),
(880, 4, 1, 3, 207),
(881, 5, 1, 3, 207),
(882, 1, 1, 3, 306),
(883, 2, 1, 3, 306),
(884, 3, 1, 3, 306),
(885, 4, 1, 3, 306),
(886, 5, 1, 3, 306),
(887, 1, 1, 3, 299),
(888, 2, 1, 3, 299),
(889, 3, 1, 3, 299),
(890, 4, 1, 3, 299),
(891, 5, 1, 3, 299),
(892, 1, 1, 3, 307),
(893, 1, 1, 3, 308),
(894, 2, 1, 3, 308),
(895, 3, 1, 3, 308),
(896, 4, 1, 3, 308),
(897, 5, 1, 3, 308),
(898, 1, 1, 3, 310),
(899, 2, 1, 3, 310),
(900, 3, 1, 3, 310),
(901, 4, 1, 3, 310),
(902, 5, 1, 3, 310),
(903, 1, 1, 3, 311),
(904, 2, 1, 3, 311),
(905, 3, 1, 3, 311),
(906, 4, 1, 3, 311),
(907, 5, 1, 3, 311),
(908, 1, 1, 3, 312),
(909, 2, 1, 3, 312),
(910, 3, 1, 3, 312),
(911, 4, 1, 3, 312),
(912, 5, 1, 3, 312),
(913, 1, 1, 3, 313),
(914, 2, 1, 3, 313),
(915, 3, 1, 3, 313),
(916, 4, 1, 3, 313),
(917, 5, 1, 3, 313),
(918, 1, 1, 3, 79),
(919, 1, 1, 3, 315),
(920, 2, 1, 3, 315),
(921, 2, 1, 3, 79),
(922, 3, 1, 3, 79),
(923, 4, 1, 3, 79),
(927, 5, 1, 3, 79),
(928, 3, 1, 3, 153),
(929, 4, 1, 3, 153),
(930, 5, 1, 3, 153),
(931, 1, 1, 3, 317),
(932, 2, 1, 3, 317),
(933, 3, 1, 3, 317),
(934, 4, 1, 3, 317),
(935, 5, 1, 3, 317),
(936, 1, 1, 3, 316),
(937, 1, 1, 3, 319),
(938, 2, 1, 3, 319),
(939, 3, 1, 3, 319),
(940, 4, 1, 3, 319),
(941, 5, 1, 3, 319),
(942, 2, 1, 3, 316),
(943, 3, 1, 3, 316),
(944, 4, 1, 3, 316),
(945, 5, 1, 3, 316),
(946, 1, 1, 3, 320),
(947, 1, 1, 3, 321),
(948, 2, 1, 3, 321),
(949, 3, 1, 3, 321),
(950, 4, 1, 3, 321),
(951, 5, 1, 3, 321),
(952, 1, 1, 3, 322),
(953, 2, 1, 3, 322),
(954, 3, 1, 3, 322),
(955, 4, 1, 3, 322),
(956, 5, 1, 3, 322),
(957, 2, 1, 3, 132),
(958, 3, 1, 3, 132),
(959, 4, 1, 3, 132),
(960, 5, 1, 3, 132),
(961, 1, 1, 3, 323),
(962, 2, 1, 3, 323),
(963, 3, 1, 3, 323),
(964, 4, 1, 3, 323),
(965, 5, 1, 3, 323),
(966, 1, 1, 3, 326),
(967, 1, 1, 3, 325),
(968, 2, 1, 3, 326),
(969, 2, 1, 3, 325),
(970, 3, 1, 3, 326),
(971, 3, 1, 3, 325),
(972, 1, 1, 3, 327),
(973, 4, 1, 3, 326),
(974, 4, 1, 3, 325),
(975, 5, 1, 3, 326),
(976, 2, 1, 3, 327),
(977, 5, 1, 3, 325),
(978, 3, 1, 3, 327),
(979, 4, 1, 3, 327),
(980, 5, 1, 3, 327),
(981, 1, 1, 3, 330),
(982, 2, 1, 3, 330),
(983, 3, 1, 3, 330),
(984, 4, 1, 3, 330),
(985, 5, 1, 3, 330),
(986, 4, 1, 3, 90),
(987, 5, 1, 3, 90),
(988, 1, 1, 3, 129),
(989, 2, 1, 3, 129),
(990, 3, 1, 3, 129),
(991, 4, 1, 3, 129),
(992, 5, 1, 3, 129),
(993, 1, 1, 3, 331),
(994, 2, 1, 3, 331),
(995, 3, 1, 3, 331),
(996, 4, 1, 3, 331),
(997, 5, 1, 3, 331),
(998, 3, 1, 3, 142),
(999, 4, 1, 3, 142),
(1000, 5, 1, 3, 142),
(1001, 1, 1, 3, 175),
(1002, 2, 1, 3, 175),
(1003, 1, 1, 3, 172),
(1004, 2, 1, 3, 172),
(1005, 3, 1, 3, 172),
(1006, 4, 1, 3, 172),
(1007, 5, 1, 3, 172),
(1008, 1, 1, 3, 333),
(1009, 1, 1, 3, 335),
(1010, 2, 1, 3, 335),
(1011, 3, 1, 3, 335),
(1012, 4, 1, 3, 335),
(1013, 5, 1, 3, 335),
(1014, 3, 1, 3, 293),
(1015, 4, 1, 3, 293),
(1016, 5, 1, 3, 293),
(1017, 1, 1, 3, 337),
(1018, 2, 1, 3, 337),
(1019, 3, 1, 3, 337),
(1020, 1, 1, 3, 339),
(1021, 1, 1, 3, 340),
(1022, 2, 1, 3, 340),
(1023, 3, 1, 3, 340),
(1024, 4, 1, 3, 340),
(1025, 5, 1, 3, 340),
(1026, 1, 1, 3, 341),
(1027, 2, 1, 3, 341),
(1028, 3, 1, 3, 341),
(1029, 4, 1, 3, 341),
(1030, 5, 1, 3, 341),
(1031, 1, 1, 3, 342),
(1032, 2, 1, 3, 342),
(1033, 3, 1, 3, 342),
(1034, 4, 1, 3, 342),
(1035, 5, 1, 3, 342),
(1036, 1, 1, 3, 344),
(1037, 2, 1, 3, 344),
(1038, 3, 1, 3, 344),
(1039, 4, 1, 3, 344),
(1040, 5, 1, 3, 344),
(1041, 1, 1, 3, 343),
(1042, 2, 1, 3, 343),
(1043, 3, 1, 3, 343),
(1044, 4, 1, 3, 343),
(1045, 5, 1, 3, 343),
(1046, 1, 1, 3, 345),
(1047, 2, 1, 3, 345),
(1048, 3, 1, 3, 345),
(1049, 4, 1, 3, 345),
(1050, 5, 1, 3, 345),
(1056, 1, 1, 3, 349),
(1057, 2, 1, 3, 349),
(1058, 3, 1, 3, 349),
(1059, 4, 1, 3, 349),
(1060, 5, 1, 3, 349),
(1061, 1, 1, 3, 351),
(1062, 2, 1, 3, 351),
(1063, 3, 1, 3, 351),
(1064, 4, 1, 3, 351),
(1065, 5, 1, 3, 351),
(1066, 1, 1, 3, 347),
(1067, 1, 1, 3, 350),
(1068, 2, 1, 3, 350),
(1069, 3, 1, 3, 350),
(1070, 1, 1, 3, 334),
(1071, 4, 1, 3, 350),
(1072, 2, 1, 3, 334),
(1073, 1, 1, 3, 352),
(1074, 5, 1, 3, 350),
(1075, 2, 1, 3, 352),
(1076, 3, 1, 3, 352),
(1077, 4, 1, 3, 352),
(1078, 5, 1, 3, 352),
(1079, 1, 1, 3, 353),
(1080, 2, 1, 3, 353),
(1081, 3, 1, 3, 353),
(1082, 4, 1, 3, 353),
(1083, 5, 1, 3, 353),
(1084, 3, 1, 3, 334),
(1085, 1, 1, 3, 354),
(1086, 2, 1, 3, 354),
(1087, 3, 1, 3, 354),
(1088, 4, 1, 3, 354),
(1089, 5, 1, 3, 354),
(1090, 1, 1, 3, 355),
(1091, 2, 1, 3, 355),
(1092, 3, 1, 3, 355),
(1093, 4, 1, 3, 355),
(1094, 5, 1, 3, 355),
(1095, 1, 1, 3, 356),
(1098, 2, 1, 3, 208),
(1099, 3, 1, 3, 208),
(1100, 4, 1, 3, 334),
(1101, 4, 1, 3, 208),
(1102, 5, 1, 3, 208),
(1103, 2, 1, 3, 356),
(1104, 1, 1, 3, 134),
(1105, 1, 1, 3, 357),
(1106, 5, 1, 3, 334),
(1107, 2, 1, 3, 134),
(1108, 2, 1, 3, 357),
(1109, 3, 1, 3, 356),
(1110, 3, 1, 3, 357),
(1111, 4, 1, 3, 357),
(1112, 5, 1, 3, 357),
(1113, 4, 1, 3, 356),
(1114, 5, 1, 3, 356),
(1115, 3, 1, 3, 296),
(1116, 1, 1, 3, 359),
(1117, 2, 1, 3, 359),
(1118, 1, 1, 3, 361),
(1119, 1, 1, 3, 363),
(1120, 1, 1, 3, 365),
(1121, 2, 1, 3, 361),
(1122, 3, 1, 3, 359),
(1123, 2, 1, 3, 365),
(1124, 1, 1, 3, 367),
(1125, 3, 1, 3, 365),
(1126, 4, 1, 3, 365),
(1127, 2, 1, 3, 363),
(1128, 3, 1, 3, 361),
(1129, 1, 1, 3, 362),
(1130, 5, 1, 3, 365),
(1131, 2, 1, 3, 367),
(1132, 1, 1, 3, 364),
(1133, 4, 1, 3, 359),
(1134, 3, 1, 3, 367),
(1135, 4, 1, 3, 367),
(1136, 5, 1, 3, 367),
(1137, 4, 1, 3, 361),
(1138, 2, 1, 3, 364),
(1139, 5, 1, 3, 359),
(1140, 1, 1, 3, 368),
(1141, 2, 1, 3, 362),
(1142, 2, 1, 3, 368),
(1143, 3, 1, 3, 368),
(1144, 3, 1, 3, 364),
(1145, 4, 1, 3, 368),
(1146, 5, 1, 3, 368),
(1147, 3, 1, 3, 363),
(1148, 5, 1, 3, 361),
(1149, 3, 1, 3, 362),
(1150, 4, 1, 3, 364),
(1151, 1, 1, 3, 369),
(1152, 4, 1, 3, 362),
(1153, 4, 1, 3, 363),
(1154, 2, 1, 3, 369),
(1155, 5, 1, 3, 364),
(1156, 5, 1, 3, 362),
(1157, 3, 1, 3, 369),
(1158, 4, 1, 3, 369),
(1159, 5, 1, 3, 369),
(1160, 5, 1, 3, 363),
(1161, 1, 1, 3, 370),
(1162, 2, 1, 3, 370),
(1163, 2, 1, 3, 333),
(1164, 3, 1, 3, 370),
(1165, 1, 1, 3, 371),
(1166, 2, 1, 3, 371),
(1167, 3, 1, 3, 371),
(1169, 1, 1, 3, 336),
(1170, 4, 1, 3, 371),
(1171, 2, 1, 3, 336),
(1172, 5, 1, 3, 371),
(1173, 3, 1, 3, 336),
(1174, 4, 1, 3, 336),
(1175, 5, 1, 3, 336),
(1176, 1, 1, 3, 372),
(1177, 2, 1, 3, 372),
(1178, 3, 1, 3, 372),
(1179, 4, 1, 3, 372),
(1180, 5, 1, 3, 372),
(1181, 1, 1, 3, 291),
(1182, 1, 1, 3, 374),
(1183, 2, 1, 3, 374),
(1184, 2, 1, 3, 291),
(1185, 3, 1, 3, 374),
(1186, 4, 1, 3, 374),
(1187, 3, 1, 3, 291),
(1188, 1, 1, 3, 375),
(1189, 5, 1, 3, 374),
(1190, 4, 1, 3, 291),
(1191, 5, 1, 3, 291),
(1192, 2, 1, 3, 375),
(1193, 1, 1, 3, 376),
(1194, 3, 1, 3, 375),
(1195, 2, 1, 3, 376),
(1196, 4, 1, 3, 375),
(1197, 1, 1, 3, 378),
(1198, 3, 1, 3, 376),
(1199, 1, 1, 3, 235),
(1200, 4, 1, 3, 376),
(1201, 5, 1, 3, 375),
(1202, 5, 1, 3, 376),
(1203, 2, 1, 3, 378),
(1204, 1, 1, 3, 379),
(1205, 1, 1, 3, 377),
(1206, 3, 1, 3, 378),
(1207, 2, 1, 3, 377),
(1208, 4, 1, 3, 378),
(1209, 5, 1, 3, 378),
(1210, 3, 1, 3, 377),
(1211, 4, 1, 3, 377),
(1212, 2, 1, 3, 379),
(1213, 5, 1, 3, 377),
(1214, 3, 1, 3, 379),
(1215, 4, 1, 3, 379),
(1216, 5, 1, 3, 379),
(1217, 1, 1, 3, 381),
(1218, 2, 1, 3, 381),
(1219, 3, 1, 3, 381),
(1220, 4, 1, 3, 381),
(1221, 5, 1, 3, 381),
(1222, 1, 1, 3, 384),
(1223, 1, 1, 3, 383),
(1224, 2, 1, 3, 383),
(1225, 2, 1, 3, 384),
(1226, 3, 1, 3, 383),
(1227, 3, 1, 3, 384),
(1228, 4, 1, 3, 384),
(1229, 4, 1, 3, 383),
(1230, 5, 1, 3, 384),
(1231, 1, 1, 3, 190),
(1232, 5, 1, 3, 383),
(1233, 2, 1, 3, 190),
(1234, 3, 1, 3, 190),
(1235, 4, 1, 3, 190),
(1236, 5, 1, 3, 190),
(1237, 2, 1, 3, 80),
(1238, 1, 1, 3, 382),
(1239, 3, 1, 3, 80),
(1240, 1, 1, 3, 385),
(1241, 4, 1, 3, 80),
(1242, 5, 1, 3, 80),
(1243, 2, 1, 3, 382),
(1244, 2, 1, 3, 385),
(1245, 3, 1, 3, 385),
(1246, 4, 1, 3, 385),
(1247, 1, 1, 3, 386),
(1248, 2, 1, 3, 386),
(1249, 3, 1, 3, 386),
(1250, 5, 1, 3, 385),
(1251, 4, 1, 3, 386),
(1252, 3, 1, 3, 382),
(1253, 5, 1, 3, 386),
(1254, 4, 1, 3, 382),
(1255, 5, 1, 3, 382),
(1256, 1, 1, 3, 388),
(1257, 2, 1, 3, 388),
(1258, 3, 1, 3, 388),
(1259, 4, 1, 3, 388),
(1260, 5, 1, 3, 388),
(1261, 1, 1, 3, 230),
(1262, 1, 1, 3, 390),
(1263, 1, 1, 3, 389),
(1264, 2, 1, 3, 230),
(1265, 2, 1, 3, 389),
(1266, 2, 1, 3, 390),
(1267, 3, 1, 3, 230),
(1268, 3, 1, 3, 389),
(1269, 4, 1, 3, 230),
(1270, 3, 1, 3, 390),
(1271, 5, 1, 3, 230),
(1272, 4, 1, 3, 389),
(1273, 5, 1, 3, 389),
(1274, 1, 1, 3, 387),
(1275, 4, 1, 3, 390),
(1276, 5, 1, 3, 390),
(1277, 1, 1, 3, 183),
(1278, 1, 1, 3, 391),
(1279, 1, 1, 3, 392),
(1280, 2, 1, 3, 391),
(1281, 2, 1, 3, 392),
(1282, 3, 1, 3, 392),
(1283, 4, 1, 3, 392),
(1284, 5, 1, 3, 392),
(1285, 3, 1, 3, 391),
(1286, 4, 1, 3, 391),
(1287, 5, 1, 3, 391),
(1288, 2, 1, 3, 387),
(1289, 2, 1, 3, 183),
(1290, 3, 1, 3, 387),
(1291, 1, 1, 3, 393),
(1292, 4, 1, 3, 387),
(1293, 5, 1, 3, 387),
(1294, 1, 1, 3, 394),
(1295, 2, 1, 3, 394),
(1296, 3, 1, 3, 394),
(1297, 4, 1, 3, 394),
(1298, 1, 1, 3, 395),
(1299, 5, 1, 3, 394),
(1300, 2, 1, 3, 395),
(1301, 3, 1, 3, 395),
(1302, 4, 1, 3, 395),
(1303, 2, 1, 3, 393),
(1304, 3, 1, 3, 393),
(1305, 4, 1, 3, 393),
(1306, 5, 1, 3, 393),
(1307, 1, 1, 3, 99),
(1308, 2, 1, 3, 99),
(1309, 3, 1, 3, 99),
(1310, 4, 1, 3, 99),
(1311, 5, 1, 3, 99),
(1312, 1, 1, 3, 398),
(1313, 2, 1, 3, 398),
(1314, 3, 1, 3, 398),
(1315, 4, 1, 3, 398),
(1316, 5, 1, 3, 398),
(1317, 1, 1, 3, 399),
(1318, 1, 1, 3, 400),
(1319, 2, 1, 3, 400),
(1320, 1, 1, 3, 401),
(1321, 3, 1, 3, 400),
(1322, 2, 1, 3, 401),
(1323, 3, 1, 3, 401),
(1324, 2, 1, 3, 399),
(1325, 4, 1, 3, 401),
(1326, 5, 1, 3, 401),
(1327, 1, 1, 3, 402),
(1328, 3, 1, 3, 399),
(1329, 2, 1, 3, 402),
(1330, 3, 1, 3, 402),
(1331, 4, 1, 3, 399),
(1332, 4, 1, 3, 402),
(1333, 5, 1, 3, 402),
(1334, 5, 1, 3, 399),
(1335, 1, 1, 3, 404),
(1336, 1, 1, 3, 405),
(1337, 2, 1, 3, 404),
(1338, 3, 1, 3, 404),
(1339, 2, 1, 3, 405),
(1340, 1, 1, 3, 403),
(1341, 3, 1, 3, 405),
(1342, 4, 1, 3, 404),
(1343, 5, 1, 3, 404),
(1344, 4, 1, 3, 405),
(1345, 5, 1, 3, 405),
(1346, 4, 1, 3, 400),
(1347, 5, 1, 3, 400),
(1348, 2, 1, 3, 403),
(1349, 3, 1, 3, 403),
(1350, 4, 1, 3, 403),
(1351, 1, 1, 3, 406),
(1352, 2, 1, 3, 406),
(1353, 2, 1, 3, 240),
(1354, 3, 1, 3, 240),
(1355, 1, 1, 3, 407),
(1356, 2, 1, 3, 407),
(1357, 3, 1, 3, 407),
(1358, 4, 1, 3, 407),
(1359, 5, 1, 3, 407),
(1360, 5, 1, 3, 403),
(1361, 1, 1, 3, 411),
(1362, 1, 1, 3, 412),
(1363, 2, 1, 3, 412),
(1364, 3, 1, 3, 412),
(1365, 1, 1, 3, 415),
(1366, 2, 1, 3, 415),
(1367, 1, 1, 3, 408),
(1368, 2, 1, 3, 408),
(1369, 3, 1, 3, 408),
(1370, 4, 1, 3, 408),
(1371, 5, 1, 3, 408),
(1372, 3, 1, 3, 415),
(1373, 4, 1, 3, 415),
(1374, 5, 1, 3, 415),
(1375, 3, 1, 3, 175),
(1376, 4, 1, 3, 175),
(1377, 5, 1, 3, 175),
(1378, 2, 1, 3, 117),
(1379, 3, 1, 3, 117),
(1380, 4, 1, 3, 117),
(1381, 5, 1, 3, 117),
(1382, 1, 1, 3, 416),
(1383, 2, 1, 3, 416),
(1384, 3, 1, 3, 416),
(1385, 4, 1, 3, 416),
(1386, 5, 1, 3, 416),
(1388, 1, 1, 3, 314),
(1389, 3, 1, 3, 406),
(1390, 2, 1, 3, 314),
(1391, 1, 1, 3, 155),
(1392, 4, 1, 3, 406),
(1393, 2, 1, 3, 155),
(1394, 5, 1, 3, 406),
(1395, 3, 1, 3, 155),
(1396, 4, 1, 3, 155),
(1397, 1, 1, 3, 417),
(1398, 5, 1, 3, 155),
(1399, 2, 1, 3, 417),
(1400, 1, 1, 3, 413),
(1401, 3, 1, 3, 417),
(1402, 4, 1, 3, 417),
(1403, 5, 1, 3, 417),
(1404, 1, 1, 3, 418),
(1405, 2, 1, 3, 413),
(1406, 2, 1, 3, 418),
(1407, 3, 1, 3, 413),
(1408, 3, 1, 3, 418),
(1409, 4, 1, 3, 413),
(1410, 4, 1, 3, 418),
(1411, 5, 1, 3, 413),
(1412, 5, 1, 3, 418),
(1413, 1, 1, 3, 414),
(1414, 2, 1, 3, 414),
(1415, 3, 1, 3, 414),
(1416, 3, 1, 3, 333),
(1417, 4, 1, 3, 414),
(1418, 1, 1, 3, 108),
(1419, 4, 1, 3, 333),
(1420, 5, 1, 3, 414),
(1421, 2, 1, 3, 108),
(1422, 5, 1, 3, 333),
(1423, 3, 1, 3, 108),
(1424, 1, 1, 3, 422),
(1425, 1, 1, 3, 94),
(1426, 2, 1, 3, 94),
(1427, 3, 1, 3, 94),
(1428, 4, 1, 3, 94),
(1429, 4, 1, 3, 108),
(1430, 5, 1, 3, 94),
(1431, 5, 1, 3, 108),
(1432, 1, 1, 3, 423),
(1433, 1, 1, 3, 424),
(1434, 2, 1, 3, 424),
(1435, 3, 1, 3, 424),
(1436, 4, 1, 3, 424),
(1437, 5, 1, 3, 424),
(1438, 1, 1, 3, 338),
(1439, 2, 1, 3, 338),
(1440, 3, 1, 3, 338),
(1441, 4, 1, 3, 338),
(1442, 5, 1, 3, 338),
(1443, 2, 1, 3, 423),
(1444, 3, 1, 3, 423),
(1445, 4, 1, 3, 423),
(1446, 5, 1, 3, 423),
(1447, 1, 1, 3, 366),
(1448, 1, 1, 3, 112),
(1449, 2, 1, 3, 366),
(1450, 2, 1, 3, 112),
(1451, 3, 1, 3, 366),
(1452, 4, 1, 3, 366),
(1453, 3, 1, 3, 112),
(1454, 5, 1, 3, 366),
(1455, 2, 1, 3, 422),
(1456, 4, 1, 3, 112),
(1457, 5, 1, 3, 112),
(1458, 3, 1, 3, 422),
(1459, 1, 1, 3, 425),
(1460, 2, 1, 3, 425),
(1461, 3, 1, 3, 425),
(1462, 4, 1, 3, 425),
(1463, 5, 1, 3, 425),
(1464, 1, 1, 3, 260),
(1465, 2, 1, 3, 260),
(1466, 3, 1, 3, 260),
(1467, 4, 1, 3, 260),
(1468, 5, 1, 3, 260),
(1469, 5, 1, 3, 395),
(1470, 1, 1, 3, 428),
(1471, 2, 1, 3, 428),
(1472, 3, 1, 3, 428),
(1473, 4, 1, 3, 428),
(1474, 5, 1, 3, 428),
(1475, 3, 1, 3, 183),
(1476, 1, 1, 3, 430),
(1477, 2, 1, 3, 430),
(1478, 3, 1, 3, 430),
(1479, 4, 1, 3, 430),
(1480, 4, 1, 3, 183),
(1481, 5, 1, 3, 430),
(1482, 1, 1, 3, 431),
(1483, 1, 1, 3, 427),
(1484, 2, 1, 3, 427),
(1485, 3, 1, 3, 427),
(1486, 2, 1, 3, 431),
(1487, 4, 1, 3, 427),
(1488, 5, 1, 3, 427),
(1489, 1, 1, 3, 429),
(1490, 1, 1, 3, 432),
(1491, 2, 1, 3, 429),
(1492, 3, 1, 3, 429),
(1493, 2, 1, 3, 432),
(1494, 1, 1, 3, 396),
(1495, 4, 1, 3, 429),
(1496, 3, 1, 3, 432),
(1497, 5, 1, 3, 429),
(1498, 4, 1, 3, 432),
(1499, 1, 1, 3, 433),
(1500, 2, 1, 3, 396),
(1501, 2, 1, 3, 433),
(1502, 5, 1, 3, 432),
(1503, 5, 1, 3, 183),
(1504, 3, 1, 3, 433),
(1505, 3, 1, 3, 431),
(1506, 4, 1, 3, 433),
(1507, 5, 1, 3, 433),
(1508, 3, 1, 3, 396),
(1509, 4, 1, 3, 431),
(1510, 4, 1, 3, 396),
(1511, 5, 1, 3, 431),
(1512, 5, 1, 3, 396),
(1513, 1, 1, 3, 434),
(1514, 2, 1, 3, 434),
(1515, 3, 1, 3, 434),
(1516, 4, 1, 3, 434),
(1517, 5, 1, 3, 434),
(1518, 1, 1, 3, 435),
(1519, 2, 1, 3, 435),
(1520, 3, 1, 3, 435),
(1521, 4, 1, 3, 435),
(1522, 5, 1, 3, 435),
(1523, 1, 1, 3, 328),
(1524, 2, 1, 3, 328),
(1525, 3, 1, 3, 328),
(1526, 4, 1, 3, 328),
(1527, 5, 1, 3, 328),
(1528, 1, 1, 3, 438),
(1529, 2, 1, 3, 438),
(1530, 3, 1, 3, 438),
(1531, 4, 1, 3, 438),
(1532, 5, 1, 3, 438),
(1533, 3, 1, 3, 280),
(1534, 4, 1, 3, 280),
(1535, 5, 1, 3, 280),
(1536, 2, 1, 3, 411),
(1537, 3, 1, 3, 411),
(1538, 4, 1, 3, 411),
(1539, 1, 1, 3, 440),
(1540, 5, 1, 3, 411),
(1541, 2, 1, 3, 440),
(1542, 1, 1, 3, 329),
(1543, 2, 1, 3, 329),
(1544, 1, 1, 3, 441),
(1545, 2, 1, 3, 441),
(1546, 3, 1, 3, 440),
(1547, 3, 1, 3, 441),
(1548, 3, 1, 3, 329),
(1549, 4, 1, 3, 441),
(1550, 4, 1, 3, 440),
(1551, 5, 1, 3, 441),
(1552, 1, 1, 3, 442),
(1553, 4, 1, 3, 329),
(1554, 2, 1, 3, 442),
(1555, 5, 1, 3, 329),
(1556, 5, 1, 3, 440),
(1557, 3, 1, 3, 442),
(1558, 4, 1, 3, 442),
(1559, 5, 1, 3, 442),
(1560, 1, 1, 3, 443),
(1561, 2, 1, 3, 443),
(1562, 3, 1, 3, 443),
(1563, 4, 1, 3, 443),
(1564, 5, 1, 3, 443),
(1565, 4, 1, 3, 240),
(1566, 1, 1, 3, 444),
(1567, 2, 1, 3, 444),
(1568, 3, 1, 3, 444),
(1569, 4, 1, 3, 444),
(1570, 4, 1, 3, 370),
(1571, 5, 1, 3, 444),
(1572, 5, 1, 3, 370),
(1573, 1, 1, 3, 397),
(1574, 2, 1, 3, 397),
(1575, 3, 1, 3, 397),
(1576, 4, 1, 3, 397),
(1577, 5, 1, 3, 397),
(1579, 1, 1, 3, 409),
(1580, 2, 1, 3, 409),
(1582, 5, 1, 3, 240),
(1583, 3, 1, 3, 314),
(1584, 4, 1, 3, 314),
(1585, 5, 1, 3, 314),
(1586, 1, 1, 3, 446),
(1587, 2, 1, 3, 446),
(1588, 3, 1, 3, 409),
(1589, 4, 1, 3, 409),
(1590, 3, 1, 3, 446),
(1591, 4, 1, 3, 446),
(1592, 5, 1, 3, 409),
(1593, 3, 1, 3, 315),
(1594, 4, 1, 3, 315),
(1595, 5, 1, 3, 446),
(1596, 5, 1, 3, 315),
(1597, 1, 1, 3, 448),
(1598, 1, 1, 3, 447),
(1599, 2, 1, 3, 448),
(1600, 1, 1, 3, 449),
(1601, 3, 1, 3, 448),
(1602, 2, 1, 3, 449),
(1603, 3, 1, 3, 449),
(1604, 4, 1, 3, 448),
(1605, 4, 1, 3, 449),
(1606, 5, 1, 3, 448),
(1607, 5, 1, 3, 449),
(1608, 2, 1, 3, 447),
(1609, 1, 1, 3, 450),
(1610, 2, 1, 3, 450),
(1611, 3, 1, 3, 450),
(1612, 4, 1, 3, 450),
(1613, 1, 1, 3, 358),
(1614, 5, 1, 3, 450),
(1615, 3, 1, 3, 447),
(1616, 2, 1, 3, 358),
(1617, 3, 1, 3, 358),
(1618, 4, 1, 3, 358),
(1619, 5, 1, 3, 358),
(1620, 1, 1, 3, 451),
(1621, 4, 1, 3, 447),
(1622, 5, 1, 3, 447),
(1623, 2, 1, 3, 451),
(1624, 3, 1, 3, 451),
(1625, 1, 1, 3, 453),
(1626, 4, 1, 3, 451),
(1627, 2, 1, 3, 453),
(1628, 5, 1, 3, 451),
(1629, 3, 1, 3, 453),
(1630, 4, 1, 3, 453),
(1631, 5, 1, 3, 453),
(1632, 3, 1, 3, 134),
(1633, 4, 1, 3, 134),
(1634, 5, 1, 3, 134),
(1635, 1, 1, 3, 455),
(1636, 2, 1, 3, 455),
(1637, 1, 1, 3, 456),
(1638, 3, 1, 3, 455),
(1639, 2, 1, 3, 456),
(1640, 3, 1, 3, 456),
(1641, 4, 1, 3, 455),
(1642, 4, 1, 3, 456),
(1643, 5, 1, 3, 456),
(1644, 5, 1, 3, 455),
(1645, 1, 1, 3, 457),
(1646, 2, 1, 3, 457),
(1647, 3, 1, 3, 457),
(1648, 2, 1, 3, 301),
(1649, 4, 1, 3, 457),
(1650, 5, 1, 3, 457),
(1651, 3, 1, 3, 301),
(1652, 4, 1, 3, 301),
(1653, 5, 1, 3, 301),
(1654, 1, 1, 3, 460),
(1655, 2, 1, 3, 460),
(1656, 3, 1, 3, 460),
(1657, 4, 1, 3, 460),
(1658, 5, 1, 3, 460),
(1659, 1, 1, 3, 459),
(1660, 2, 1, 3, 459),
(1661, 3, 1, 3, 459),
(1662, 4, 1, 3, 459),
(1663, 5, 1, 3, 459),
(1664, 1, 1, 3, 462),
(1665, 2, 1, 3, 462),
(1666, 3, 1, 3, 462),
(1667, 4, 1, 3, 462),
(1668, 5, 1, 3, 462),
(1669, 1, 1, 3, 461),
(1670, 2, 1, 3, 461),
(1671, 3, 1, 3, 461),
(1672, 4, 1, 3, 461),
(1673, 5, 1, 3, 461),
(1674, 1, 1, 3, 463),
(1675, 2, 1, 3, 463),
(1676, 1, 1, 3, 288),
(1677, 2, 1, 3, 288),
(1678, 3, 1, 3, 288),
(1679, 4, 1, 3, 288),
(1680, 5, 1, 3, 288),
(1681, 1, 1, 3, 464),
(1682, 2, 1, 3, 464),
(1683, 3, 1, 3, 464),
(1684, 4, 1, 3, 464),
(1685, 5, 1, 3, 464),
(1686, 1, 1, 3, 465),
(1687, 2, 1, 3, 465),
(1688, 3, 1, 3, 465),
(1689, 4, 1, 3, 465),
(1690, 5, 1, 3, 465),
(1691, 1, 1, 3, 466),
(1692, 2, 1, 3, 466),
(1693, 1, 1, 3, 452),
(1694, 3, 1, 3, 466),
(1695, 4, 1, 3, 466),
(1696, 5, 1, 3, 466),
(1697, 2, 1, 3, 452),
(1698, 3, 1, 3, 452),
(1699, 4, 1, 3, 452),
(1700, 5, 1, 3, 452),
(1701, 1, 1, 3, 467),
(1702, 2, 1, 3, 467),
(1703, 3, 1, 3, 467),
(1704, 4, 1, 3, 467),
(1705, 5, 1, 3, 467),
(1706, 1, 1, 3, 468),
(1707, 2, 1, 3, 468),
(1708, 3, 1, 3, 468),
(1709, 1, 1, 3, 426),
(1710, 4, 1, 3, 468),
(1711, 2, 1, 3, 426),
(1712, 3, 1, 3, 426),
(1713, 5, 1, 3, 468),
(1714, 4, 1, 3, 426),
(1715, 5, 1, 3, 426),
(1716, 1, 1, 3, 436),
(1717, 2, 1, 3, 436),
(1718, 3, 1, 3, 436),
(1719, 4, 1, 3, 436),
(1720, 1, 1, 3, 469),
(1721, 2, 1, 3, 469),
(1722, 3, 1, 3, 469),
(1723, 4, 1, 3, 469),
(1724, 5, 1, 3, 469),
(1726, 1, 1, 3, 470),
(1727, 2, 1, 3, 470),
(1728, 3, 1, 3, 470),
(1729, 4, 1, 3, 470),
(1730, 5, 1, 3, 470),
(1731, 1, 1, 3, 472),
(1732, 2, 1, 3, 472),
(1733, 3, 1, 3, 472),
(1734, 4, 1, 3, 472),
(1735, 1, 1, 3, 473),
(1736, 5, 1, 3, 472),
(1737, 1, 1, 3, 474),
(1738, 2, 1, 3, 473),
(1739, 3, 1, 3, 473),
(1740, 4, 1, 3, 473),
(1741, 2, 1, 3, 474),
(1742, 5, 1, 3, 473),
(1743, 3, 1, 3, 474),
(1744, 4, 1, 3, 474),
(1745, 5, 1, 3, 474),
(1746, 1, 1, 3, 475),
(1747, 2, 1, 3, 475),
(1748, 3, 1, 3, 475),
(1749, 4, 1, 3, 475),
(1750, 5, 1, 3, 475),
(1751, 4, 1, 3, 296),
(1752, 5, 1, 3, 296),
(1753, 1, 1, 3, 476),
(1754, 2, 1, 3, 476),
(1755, 3, 1, 3, 476),
(1756, 4, 1, 3, 476),
(1757, 5, 1, 3, 476),
(1758, 1, 1, 3, 477),
(1759, 1, 1, 3, 478),
(1760, 2, 1, 3, 478),
(1761, 3, 1, 3, 478),
(1762, 4, 1, 3, 478),
(1763, 5, 1, 3, 478),
(1764, 2, 1, 3, 477),
(1765, 3, 1, 3, 477),
(1766, 1, 1, 3, 479),
(1767, 4, 1, 3, 477),
(1768, 2, 1, 3, 479),
(1769, 3, 1, 3, 479),
(1770, 5, 1, 3, 477),
(1771, 4, 1, 3, 479),
(1772, 5, 1, 3, 479),
(1773, 1, 1, 3, 480),
(1774, 2, 1, 3, 480),
(1775, 3, 1, 3, 480),
(1776, 4, 1, 3, 480),
(1777, 5, 1, 3, 480),
(1778, 3, 1, 3, 91),
(1779, 4, 1, 3, 91),
(1780, 1, 1, 3, 481),
(1781, 5, 1, 3, 91),
(1782, 2, 1, 3, 481),
(1783, 3, 1, 3, 481),
(1784, 1, 1, 3, 482),
(1785, 2, 1, 3, 482),
(1786, 1, 1, 3, 484),
(1787, 3, 1, 3, 482),
(1788, 4, 1, 3, 481),
(1789, 4, 1, 3, 482),
(1790, 2, 1, 3, 484),
(1791, 1, 1, 3, 483),
(1792, 5, 1, 3, 482),
(1793, 3, 1, 3, 484),
(1794, 4, 1, 3, 484),
(1795, 5, 1, 3, 484),
(1796, 2, 1, 3, 483),
(1797, 3, 1, 3, 483),
(1798, 4, 1, 3, 483),
(1799, 5, 1, 3, 483),
(1800, 1, 1, 3, 126),
(1801, 2, 1, 3, 126),
(1802, 3, 1, 3, 126),
(1803, 4, 1, 3, 126),
(1804, 5, 1, 3, 126),
(1805, 1, 1, 3, 445),
(1806, 2, 1, 3, 445),
(1807, 3, 1, 3, 445),
(1808, 4, 1, 3, 445),
(1809, 5, 1, 3, 445),
(1810, 1, 1, 3, 486),
(1811, 2, 1, 3, 486),
(1812, 1, 1, 3, 488),
(1813, 3, 1, 3, 486),
(1814, 4, 1, 3, 486),
(1815, 2, 1, 3, 488),
(1816, 5, 1, 3, 486),
(1817, 3, 1, 3, 488),
(1818, 1, 1, 3, 489),
(1819, 4, 1, 3, 488),
(1820, 5, 1, 3, 488),
(1821, 2, 1, 3, 489),
(1822, 3, 1, 3, 489),
(1824, 1, 1, 3, 487),
(1825, 4, 1, 3, 489),
(1826, 1, 1, 3, 485),
(1827, 2, 1, 3, 487),
(1828, 2, 1, 3, 485),
(1829, 3, 1, 3, 487),
(1830, 3, 1, 3, 485),
(1831, 5, 1, 3, 489),
(1832, 4, 1, 3, 485),
(1833, 4, 1, 3, 487),
(1834, 5, 1, 3, 485),
(1835, 5, 1, 3, 487),
(1836, 1, 1, 3, 490),
(1837, 2, 1, 3, 210),
(1838, 3, 1, 3, 210),
(1839, 4, 1, 3, 210),
(1840, 2, 1, 3, 490),
(1841, 5, 1, 3, 481),
(1842, 3, 1, 3, 490),
(1843, 5, 1, 3, 210),
(1844, 1, 1, 3, 491),
(1845, 4, 1, 3, 490),
(1846, 2, 1, 3, 491),
(1847, 3, 1, 3, 491),
(1848, 5, 1, 3, 490),
(1849, 4, 1, 3, 491),
(1850, 5, 1, 3, 491),
(1851, 1, 1, 3, 492),
(1852, 1, 1, 3, 493),
(1853, 2, 1, 3, 493),
(1854, 3, 1, 3, 493),
(1855, 4, 1, 3, 493),
(1856, 5, 1, 3, 493),
(1857, 1, 1, 3, 495),
(1858, 2, 1, 3, 495),
(1859, 3, 1, 3, 495),
(1860, 1, 1, 3, 494),
(1861, 4, 1, 3, 495),
(1862, 5, 1, 3, 495),
(1863, 2, 1, 3, 494),
(1864, 3, 1, 3, 494),
(1865, 4, 1, 3, 494),
(1866, 1, 1, 3, 497),
(1867, 5, 1, 3, 494),
(1868, 2, 1, 3, 497),
(1869, 1, 1, 3, 292),
(1870, 3, 1, 3, 497),
(1871, 2, 1, 3, 292),
(1872, 1, 1, 3, 498),
(1873, 2, 1, 3, 498),
(1874, 3, 1, 3, 498),
(1875, 4, 1, 3, 498),
(1876, 3, 1, 3, 463),
(1877, 5, 1, 3, 498),
(1878, 4, 1, 3, 497),
(1879, 5, 1, 3, 497),
(1880, 4, 1, 3, 463),
(1881, 5, 1, 3, 463),
(1882, 1, 1, 3, 496),
(1883, 2, 1, 3, 496),
(1884, 3, 1, 3, 496),
(1888, 3, 1, 3, 292),
(1889, 4, 1, 3, 496),
(1890, 4, 1, 3, 292),
(1891, 5, 1, 3, 496),
(1892, 5, 1, 3, 292),
(1893, 1, 1, 3, 437),
(1894, 5, 1, 3, 436),
(1895, 2, 1, 3, 437),
(1896, 3, 1, 3, 437),
(1897, 4, 1, 3, 437),
(1898, 5, 1, 3, 437),
(1899, 1, 1, 3, 501),
(1900, 2, 1, 3, 501),
(1901, 3, 1, 3, 501),
(1902, 4, 1, 3, 501),
(1903, 1, 1, 3, 502),
(1904, 2, 1, 3, 502),
(1905, 5, 1, 3, 501),
(1906, 3, 1, 3, 502),
(1907, 4, 1, 3, 502),
(1908, 5, 1, 3, 502),
(1909, 1, 1, 3, 500),
(1910, 2, 1, 3, 500),
(1911, 3, 1, 3, 500),
(1912, 4, 1, 3, 500),
(1913, 5, 1, 3, 500),
(1914, 1, 1, 3, 503),
(1915, 2, 1, 3, 503),
(1916, 3, 1, 3, 503),
(1917, 4, 1, 3, 503),
(1918, 5, 1, 3, 503),
(1919, 1, 1, 3, 504),
(1920, 2, 1, 3, 504),
(1921, 3, 1, 3, 504),
(1922, 4, 1, 3, 504),
(1923, 5, 1, 3, 504),
(1924, 1, 1, 3, 471),
(1925, 2, 1, 3, 471),
(1926, 3, 1, 3, 471),
(1927, 4, 1, 3, 471),
(1928, 5, 1, 3, 471),
(1929, 1, 1, 3, 505),
(1930, 2, 1, 3, 505),
(1931, 3, 1, 3, 505),
(1932, 4, 1, 3, 505),
(1933, 5, 1, 3, 505),
(1934, 1, 1, 3, 507),
(1935, 2, 1, 3, 507),
(1936, 3, 1, 3, 507),
(1937, 1, 1, 3, 200),
(1938, 2, 1, 3, 200),
(1939, 1, 1, 3, 509),
(1940, 3, 1, 3, 200),
(1941, 4, 1, 3, 200),
(1942, 5, 1, 3, 200),
(1943, 1, 1, 3, 295),
(1944, 2, 1, 3, 295),
(1945, 1, 1, 3, 510),
(1946, 2, 1, 3, 510),
(1947, 3, 1, 3, 295),
(1948, 3, 1, 3, 510),
(1949, 4, 1, 3, 510),
(1950, 5, 1, 3, 510),
(1951, 4, 1, 3, 295),
(1952, 5, 1, 3, 295),
(1953, 1, 1, 3, 419),
(1954, 2, 1, 3, 419),
(1955, 3, 1, 3, 419),
(1956, 4, 1, 3, 419),
(1957, 5, 1, 3, 419),
(1958, 1, 1, 3, 278),
(1959, 2, 1, 3, 278),
(1960, 3, 1, 3, 278),
(1961, 4, 1, 3, 278),
(1962, 5, 1, 3, 278),
(1963, 1, 1, 3, 511),
(1964, 2, 1, 3, 511),
(1965, 3, 1, 3, 511),
(1966, 4, 1, 3, 511),
(1967, 5, 1, 3, 511),
(1968, 2, 1, 3, 205),
(1969, 3, 1, 3, 205),
(1970, 4, 1, 3, 205),
(1971, 5, 1, 3, 205),
(1972, 1, 1, 3, 512),
(1973, 2, 1, 3, 512),
(1974, 3, 1, 3, 512),
(1975, 4, 1, 3, 512),
(1976, 5, 1, 3, 512),
(1977, 2, 1, 3, 492),
(1978, 3, 1, 3, 492),
(1979, 4, 1, 3, 492),
(1980, 5, 1, 3, 492),
(1981, 1, 1, 3, 513),
(1982, 2, 1, 3, 513),
(1983, 3, 1, 3, 513),
(1984, 4, 1, 3, 513),
(1985, 5, 1, 3, 513),
(1986, 1, 1, 3, 514),
(1987, 2, 1, 3, 514),
(1988, 3, 1, 3, 514),
(1989, 4, 1, 3, 514),
(1990, 5, 1, 3, 514),
(1991, 1, 1, 3, 515),
(1992, 2, 1, 3, 515),
(1993, 3, 1, 3, 515),
(1994, 4, 1, 3, 515),
(1995, 5, 1, 3, 515),
(1996, 1, 1, 3, 516),
(1997, 2, 1, 3, 516),
(1998, 3, 1, 3, 516),
(1999, 4, 1, 3, 516),
(2000, 5, 1, 3, 516),
(2001, 1, 1, 3, 517),
(2002, 2, 1, 3, 517),
(2003, 3, 1, 3, 517),
(2004, 4, 1, 3, 517),
(2005, 5, 1, 3, 517),
(2006, 2, 1, 3, 347),
(2007, 3, 1, 3, 347),
(2008, 3, 1, 3, 227),
(2009, 4, 1, 3, 347),
(2010, 4, 1, 3, 227),
(2011, 5, 1, 3, 227),
(2012, 5, 1, 3, 347),
(2013, 1, 1, 3, 518),
(2014, 2, 1, 3, 518),
(2015, 3, 1, 3, 518),
(2016, 4, 1, 3, 518),
(2017, 5, 1, 3, 518),
(2018, 1, 1, 3, 519),
(2019, 2, 1, 3, 519),
(2020, 3, 1, 3, 519),
(2021, 4, 1, 3, 519),
(2022, 5, 1, 3, 519),
(2023, 1, 1, 3, 522),
(2024, 1, 1, 3, 521),
(2025, 1, 1, 3, 523),
(2026, 2, 1, 3, 522),
(2027, 2, 1, 3, 523),
(2028, 2, 1, 3, 521),
(2029, 3, 1, 3, 523),
(2030, 3, 1, 3, 522),
(2031, 4, 1, 3, 523),
(2032, 3, 1, 3, 521),
(2033, 5, 1, 3, 523),
(2034, 4, 1, 3, 522),
(2035, 4, 1, 3, 521),
(2036, 5, 1, 3, 522),
(2037, 5, 1, 3, 521),
(2038, 1, 1, 3, 159),
(2039, 1, 1, 3, 506),
(2040, 2, 1, 3, 506),
(2041, 3, 1, 3, 506),
(2042, 4, 1, 3, 506),
(2043, 5, 1, 3, 506),
(2044, 1, 1, 3, 524),
(2045, 2, 1, 3, 524),
(2046, 3, 1, 3, 524),
(2047, 4, 1, 3, 524),
(2048, 5, 1, 3, 524),
(2049, 1, 1, 3, 525),
(2050, 2, 1, 3, 525),
(2051, 3, 1, 3, 525),
(2052, 2, 1, 3, 509),
(2053, 3, 1, 3, 509),
(2054, 4, 1, 3, 509),
(2055, 5, 1, 3, 509),
(2056, 1, 1, 3, 526),
(2057, 2, 1, 3, 526),
(2058, 3, 1, 3, 526),
(2059, 4, 1, 3, 526),
(2060, 5, 1, 3, 526),
(2061, 1, 1, 3, 527),
(2062, 2, 1, 3, 527),
(2063, 3, 1, 3, 527),
(2064, 4, 1, 3, 527),
(2065, 5, 1, 3, 527),
(2066, 1, 1, 3, 528),
(2067, 1, 1, 3, 529),
(2068, 2, 1, 3, 529),
(2069, 3, 1, 3, 529),
(2070, 4, 1, 3, 529),
(2071, 5, 1, 3, 529),
(2072, 2, 1, 3, 528),
(2073, 3, 1, 3, 528),
(2074, 4, 1, 3, 528),
(2075, 5, 1, 3, 528),
(2076, 1, 1, 3, 530),
(2077, 2, 1, 3, 530),
(2078, 3, 1, 3, 530),
(2079, 4, 1, 3, 530),
(2080, 5, 1, 3, 530),
(2081, 1, 1, 3, 508),
(2082, 1, 1, 3, 531),
(2083, 2, 1, 3, 508),
(2084, 3, 1, 3, 508),
(2085, 2, 1, 3, 531),
(2086, 4, 1, 3, 508),
(2087, 5, 1, 3, 508),
(2088, 1, 1, 3, 532),
(2089, 3, 1, 3, 531),
(2090, 2, 1, 3, 532),
(2091, 3, 1, 3, 532),
(2092, 4, 1, 3, 531),
(2093, 4, 1, 3, 532),
(2094, 5, 1, 3, 532),
(2095, 5, 1, 3, 531),
(2096, 1, 1, 3, 533),
(2097, 2, 1, 3, 533),
(2098, 3, 1, 3, 533),
(2099, 4, 1, 3, 533),
(2100, 5, 1, 3, 533),
(2101, 1, 1, 3, 534),
(2102, 2, 1, 3, 534),
(2103, 3, 1, 3, 534),
(2104, 4, 1, 3, 534),
(2105, 5, 1, 3, 534),
(2106, 1, 1, 3, 535),
(2107, 2, 1, 3, 535),
(2108, 3, 1, 3, 535),
(2109, 4, 1, 3, 535),
(2110, 5, 1, 3, 535),
(2111, 1, 1, 3, 536),
(2112, 2, 1, 3, 536),
(2113, 3, 1, 3, 536),
(2114, 4, 1, 3, 536),
(2115, 5, 1, 3, 536),
(2116, 1, 1, 3, 537),
(2117, 2, 1, 3, 537),
(2118, 3, 1, 3, 537),
(2119, 4, 1, 3, 537),
(2120, 5, 1, 3, 537),
(2121, 1, 1, 3, 538),
(2122, 2, 1, 3, 538),
(2123, 3, 1, 3, 538),
(2124, 4, 1, 3, 538),
(2125, 5, 1, 3, 538),
(2126, 4, 1, 3, 507),
(2127, 5, 1, 3, 507),
(2128, 1, 1, 3, 539),
(2129, 1, 1, 3, 540),
(2130, 2, 1, 3, 540),
(2131, 2, 1, 3, 539),
(2132, 3, 1, 3, 540),
(2133, 4, 1, 3, 540),
(2134, 5, 1, 3, 540),
(2135, 3, 1, 3, 539),
(2136, 4, 1, 3, 539),
(2137, 5, 1, 3, 539),
(2138, 1, 1, 3, 541),
(2139, 2, 1, 3, 541),
(2140, 3, 1, 3, 541),
(2141, 4, 1, 3, 541),
(2142, 5, 1, 3, 541),
(2143, 1, 1, 3, 542),
(2144, 2, 1, 3, 542),
(2145, 3, 1, 3, 542),
(2146, 4, 1, 3, 542),
(2147, 5, 1, 3, 542),
(2148, 1, 1, 3, 543),
(2149, 2, 1, 3, 543),
(2150, 3, 1, 3, 543),
(2151, 4, 1, 3, 543),
(2152, 5, 1, 3, 543),
(2153, 1, 1, 3, 544),
(2154, 2, 1, 3, 544),
(2155, 3, 1, 3, 544),
(2156, 4, 1, 3, 544),
(2157, 5, 1, 3, 544),
(2158, 1, 1, 3, 546),
(2159, 2, 1, 3, 546),
(2160, 3, 1, 3, 546),
(2161, 4, 1, 3, 546),
(2162, 5, 1, 3, 546),
(2164, 1, 1, 3, 545),
(2165, 2, 1, 3, 545),
(2166, 3, 1, 3, 545),
(2167, 4, 1, 3, 545),
(2168, 5, 1, 3, 545),
(2169, 2, 1, 3, 97),
(2170, 3, 1, 3, 97),
(2171, 4, 1, 3, 97),
(2172, 5, 1, 3, 97),
(2173, 1, 1, 3, 279),
(2174, 2, 1, 3, 279),
(2175, 3, 1, 3, 279),
(2176, 4, 1, 3, 279),
(2177, 5, 1, 3, 279),
(2178, 1, 1, 3, 548),
(2179, 2, 1, 3, 548),
(2180, 3, 1, 3, 548),
(2181, 4, 1, 3, 548),
(2182, 5, 1, 3, 548),
(2183, 1, 1, 3, 549),
(2184, 2, 1, 3, 549),
(2185, 3, 1, 3, 549),
(2186, 4, 1, 3, 549),
(2187, 5, 1, 3, 549),
(2188, 1, 1, 3, 552),
(2189, 2, 1, 3, 552),
(2190, 3, 1, 3, 552),
(2191, 4, 1, 3, 552),
(2192, 5, 1, 3, 552),
(2193, 1, 1, 3, 551),
(2194, 2, 1, 3, 551),
(2195, 3, 1, 3, 551),
(2196, 4, 1, 3, 551),
(2197, 5, 1, 3, 551),
(2198, 1, 1, 3, 554),
(2199, 1, 1, 3, 555),
(2200, 2, 1, 3, 554),
(2201, 2, 1, 3, 555),
(2202, 3, 1, 3, 555),
(2203, 4, 1, 3, 555),
(2204, 5, 1, 3, 555),
(2205, 1, 1, 3, 553),
(2206, 2, 1, 3, 553),
(2207, 3, 1, 3, 553),
(2208, 4, 1, 3, 553),
(2209, 5, 1, 3, 553),
(2210, 1, 1, 3, 458),
(2211, 2, 1, 3, 458),
(2212, 3, 1, 3, 458),
(2213, 4, 1, 3, 458),
(2214, 1, 1, 3, 556),
(2215, 2, 1, 3, 556),
(2216, 3, 1, 3, 556),
(2217, 3, 1, 3, 554),
(2218, 4, 1, 3, 556),
(2219, 5, 1, 3, 458),
(2220, 4, 1, 3, 554),
(2221, 5, 1, 3, 556),
(2222, 5, 1, 3, 554),
(2223, 1, 1, 3, 557),
(2224, 2, 1, 3, 557),
(2225, 3, 1, 3, 557),
(2226, 4, 1, 3, 557),
(2227, 5, 1, 3, 557),
(2228, 1, 1, 3, 558),
(2229, 1, 1, 3, 559),
(2230, 2, 1, 3, 558),
(2231, 2, 1, 3, 559),
(2232, 3, 1, 3, 558),
(2233, 3, 1, 3, 559),
(2234, 4, 1, 3, 558),
(2235, 4, 1, 3, 559),
(2236, 5, 1, 3, 558),
(2237, 5, 1, 3, 559),
(2238, 1, 1, 3, 561),
(2239, 2, 1, 3, 561),
(2240, 3, 1, 3, 561),
(2241, 4, 1, 3, 561),
(2242, 5, 1, 3, 561),
(2243, 1, 1, 3, 562),
(2244, 2, 1, 3, 562),
(2245, 3, 1, 3, 562),
(2246, 4, 1, 3, 562),
(2247, 5, 1, 3, 562),
(2248, 1, 1, 3, 563),
(2249, 2, 1, 3, 563),
(2250, 3, 1, 3, 563),
(2251, 4, 1, 3, 563),
(2252, 5, 1, 3, 563),
(2253, 1, 1, 3, 564),
(2254, 2, 1, 3, 159),
(2255, 2, 1, 3, 339),
(2256, 3, 1, 3, 339),
(2257, 4, 1, 3, 339),
(2258, 5, 1, 3, 339),
(2259, 1, 1, 3, 565),
(2260, 2, 1, 3, 565),
(2261, 3, 1, 3, 565),
(2262, 4, 1, 3, 565),
(2263, 5, 1, 3, 565),
(2264, 3, 1, 3, 159),
(2265, 1, 1, 3, 166),
(2266, 2, 1, 3, 166),
(2267, 3, 1, 3, 166),
(2268, 4, 1, 3, 166),
(2269, 5, 1, 3, 166),
(2270, 1, 1, 3, 566),
(2271, 2, 1, 3, 566),
(2272, 3, 1, 3, 566),
(2273, 4, 1, 3, 566),
(2274, 5, 1, 3, 566),
(2275, 1, 1, 3, 567),
(2276, 2, 1, 3, 567),
(2277, 3, 1, 3, 567),
(2278, 4, 1, 3, 567),
(2279, 5, 1, 3, 567),
(2280, 1, 1, 3, 421),
(2281, 1, 1, 3, 569),
(2282, 2, 1, 3, 569),
(2283, 3, 1, 3, 569),
(2284, 4, 1, 3, 569),
(2285, 1, 1, 3, 570),
(2286, 5, 1, 3, 569),
(2287, 2, 1, 3, 570),
(2288, 3, 1, 3, 570),
(2289, 4, 1, 3, 570),
(2290, 5, 1, 3, 570),
(2293, 1, 1, 3, 571),
(2294, 2, 1, 3, 571),
(2295, 3, 1, 3, 571),
(2296, 4, 1, 3, 571),
(2297, 5, 1, 3, 571),
(2298, 1, 1, 3, 380),
(2299, 1, 1, 3, 294),
(2300, 2, 1, 3, 294),
(2301, 3, 1, 3, 294),
(2302, 4, 1, 3, 294),
(2303, 5, 1, 3, 294),
(2304, 1, 1, 3, 572),
(2305, 2, 1, 3, 572),
(2306, 3, 1, 3, 572),
(2307, 4, 1, 3, 572),
(2308, 5, 1, 3, 572);

-- --------------------------------------------------------

--
-- Table structure for table `pregunta`
--

CREATE TABLE `pregunta` (
  `idpregunta` int(11) NOT NULL,
  `pregunta` varchar(120) NOT NULL,
  `opc1` varchar(120) NOT NULL,
  `opc2` varchar(120) NOT NULL,
  `opc3` varchar(120) NOT NULL,
  `opc4` varchar(120) NOT NULL,
  `respuesta` int(11) NOT NULL
) ENGINE=InnoDB DEFAULT CHARSET=latin1;

--
-- Dumping data for table `pregunta`
--

INSERT INTO `pregunta` (`idpregunta`, `pregunta`, `opc1`, `opc2`, `opc3`, `opc4`, `respuesta`) VALUES
(1, 'En donde trabajas?', 'Bosch', 'LS', 'GM', 'HCM', 4),
(2, 'Donde vives?', 'Mexico', 'EUA', 'Canada', 'Argentina', 1),
(59, 'Cual es el objetivo de la directiva central ITM?', 'Definir responsables,estandares y reglas', 'Respaldar la informacion de los bancos de prueba', 'Autorizar la compra de HW y SW estandar', 'Definir el presupuesto para cada area de manufactura', 1),
(60, 'Es el responsable operacional y contaco ITM para TlP?', 'CI y CERT', 'DSO y DSP', 'ICO y AIM', 'L-ITM y Proxy', 4),
(61, 'Son funciones de L-ITM', 'Plan de desarrollo, plan de plazos, calendarizar', 'Entrenamiento, proteccion de virus, administrar inventario', 'Mantenimiento, Construccion de maquinas, desarrollo de aplicaciones', 'configuracion de dispositivos de red y aplicar seguridad', 2),
(62, 'Son amenazas de las lineas de produccion', 'Retrasos en entregas, falta de disponibilidad, paro tecnico', 'Mala planeacion', 'Dispositivos de red inseguros, virus, sabotaje', 'Scrap, falta de material, fallas de maquinas', 3),
(63, 'Que es un Virus informatico?', 'Software que calcula la nomina de los empleados de una empresa', 'Software que altera el funcionamiento normal de la computadora, sin el permiso o el conocimiento del usuario', 'Software que ayuda a administrar el funcionamiento normal de una computadora', 'Software que elimina virus de la computadora', 2),
(64, 'Que debes hacer en caso de duda o sospecha de tener Virus en tu computadora industrial?', 'Contactar a L-ITM', 'Contactar a PRS', 'Contactar a DSP', 'Contactar a PT', 1),
(65, 'Como puedes infectar tu computadora con un virus informatico?', 'Compartiendo informacion con terceros', 'Abriendo correo electronico y paginas de internet maliciosas', 'Usando dispostivos USB sin previo escaneo de virus', 'Todas las anteriores', 4),
(66, 'Los siguientes son ejemplos de Virus', 'Aware, Slimware, Betterware', 'Tupperware, Alienware, Visionware', 'Ramsonware, Spyware, Malware', 'Software, Hardware, Firmware', 3),
(67, 'Son dificultades de las lineas de produccion', 'Dificultad para planear en caso de emergencia', 'Tiempo de vida mayor a 10 a&ntilde;os', 'Todas', 'Maquinaria obsoleta', 3),
(68, 'Es el responsable de Implementar la directiva central en planta Toluca?', 'L-ITM y Proxy', 'TlP/PM', 'DSO y DSP', 'CI y CERT', 2),
(69, 'Es el responsable de la operacion segura de los dispositivos IT en su area?', 'L-ITM y Proxy', 'DSO y DSP', 'CI  y CERT ', 'MSEx', 4),
(70, 'Es el comite directivo que desarrolla los estandares de seguridad en manufactura', 'SC-ITM', 'CERT', 'TEF', 'DSO', 1),
(71, 'Es el responsable de la recepcion y clasificacion de reportes de seguridad IT', 'DSO y DSP', 'CERT', 'SC-ITM', 'TlP/PM', 2),
(72, 'Como clasifica la directiva central ITM a los dispositivos de las areas de manufactura?', 'Vigentes u Obsoletos', 'Infectado o No infectado', 'Seguro o Inseguro', 'De acceso restingido o de acceso libre', 3),
(73, 'Cuales son las tres zonas de produccion?', 'Zona gris/ roja/ amarilla', 'Zona roja/ neutral/ verde', 'Zona Verde/ naranja/ azul', 'Zona Verde/ Amarilla y roja', 4),
(74, 'Son medidas de la directiva central ITM', 'Segmentacion de la red, Inventario, Entrenamiento', 'Juntas con MSEx, CI y DSO', 'Aplicar 5s y 14 principios de calidad', 'Uso de EPP, ergonomia, maquinas seguras', 1),
(75, 'Son actividades contra Virus informaticos en produccion', 'Uso de programa Antivirus estandar Bosch', 'Escaneo continuo de maquinaria', 'Evitar uso de dispositivos USB en maquinaria', 'Todas', 4),
(76, 'Tipo de soporte ofrecido para tecnicos externos e internos a traves de conexion de red', 'Soporte Privado', 'Soporte Remoto', 'Soporte emergente', 'Soporte industrial', 2),
(77, 'A quienes va dirigido el entrenamiento anual ITM?', 'DSP, DSO, ICO', 'Auditores de calidad, Ajustadores, eletromecanicos, etc.', 'Ing. de calidad, procesos,mantenimiento,etc.', 'Todas las anteriores', 4),
(78, 'Que es plan de emergencia ITM?', 'Documento dentro del cual encontramos procedimientos para saber que hacer en caso de un sismo', 'Documento dentro del cual encontramos procedimientos para saber como usar el EPP', 'Documento dentro del cual encontramos procedimientos para recuperar sistemas IT', 'Documento dentro del cual encontrarmos el OSHAS ', 3),
(79, 'A quienes va dirigido el plan de emergencia ITM?', 'MSE, QMM, EVR', 'CLP, CTG, ENG', 'ATMO, HSE, FCM', 'PLC, HDD, HMI', 1),
(80, 'Son riesgos para Bosch ante una incidencia al perder serguridad en la red?', 'Interrupcion en los procesos de negocio', 'Perdida de reputacion y ventaja competitiva', 'Perdida de informacion sensible', 'Todas', 4),
(81, 'Son documentos de manufactura Bosch sensibles:', 'Anuncios clasificados, publicaciones Web, Publicaciones en Pantallas ', 'Tripticos, Publicidad, Datos personales', 'Informes de produccion, Planes de ajuste, Diagramas y dibujos tecnicos. Etc.', 'Calendarios operativos, Articulos promocionales, Menu cafeteria', 3),
(82, 'Que dispositivos encontramos en la zona Segura (Verde)?', 'Programadores PG, Lap de servicio, Servidores de Lineas de manufactura', 'Programadores PG, Lap de servicio, Servidores de Lineas ', 'Dispositivos SCCM, Servidores de unidades de red, BCN', 'PLC, IPCs, Paneles', 2),
(83, 'Que dispositivos encontramos en la zona de Servicio (amarilla)?', 'Programadores PG, Lap de servicio, Servidores de Lineas de manufactura', 'Dispositivos SCCM, Servidores de unidades de red, BCN', 'Telefonos celulares, extensiones moviles, radios ', 'PLC, IPCs, Paneles', 1),
(84, 'Que dispositivos encontramos en la zona Insegura (Roja)?', 'Programadores PG, Lap de servicio, Servidores de Lineas ', 'Dispositivos SCCM, Servidores de unidades de red, BCN', 'Telefonos celulares, extensiones moviles, radios ', 'PLC, IPCs, Paneles', 4),
(85, 'Es uno de los objetivos del entrenamiento ITM?', 'Sensibilizar a los empleados sobre los riesgos dentro de las areas de manufactura', 'Ensea&ntildear al usuario a clasificar su informacion de acuerdo al ISP', 'Analizar fallas en las areas de manufactura', 'Ensea&ntildear los 14 principios de calidad', 1),
(86, 'De acuerdo al ITM el siguiente es un riesgo remanenente?', 'Compartir passwords', 'Infeccion por virus a traves del uso de USB, Discos duros, Internet', 'Fallas de maquinaria', 'Falta de material', 2),
(87, 'Que es un riesgo remanente segun ITM?', 'Aquel que implica no cumplir con un pedido del cliente', 'Falta de comunicacion entre varias VLAN', 'Aquel que a pesar de tener regulacion o proteccion continua presentando incidencias', 'Paros de linea por falta de material', 3);

-- --------------------------------------------------------

--
-- Table structure for table `tipousuario`
--

CREATE TABLE `tipousuario` (
  `idtipousuario` int(11) NOT NULL,
  `tipo` varchar(25) NOT NULL
) ENGINE=InnoDB DEFAULT CHARSET=latin1;

--
-- Dumping data for table `tipousuario`
--

INSERT INTO `tipousuario` (`idtipousuario`, `tipo`) VALUES
(1, 'Empleado'),
(2, 'Administrador');

-- --------------------------------------------------------

--
-- Table structure for table `usuarios`
--

CREATE TABLE `usuarios` (
  `no_empleado` int(11) NOT NULL,
  `nombre` varchar(41) NOT NULL,
  `apellido` varchar(50) NOT NULL,
  `usuario` varchar(15) NOT NULL,
  `password` varchar(30) NOT NULL,
  `idarea` int(15) NOT NULL,
  `idtipousuario` int(11) NOT NULL,
  `fecha` date NOT NULL
) ENGINE=InnoDB DEFAULT CHARSET=latin1;

--
-- Dumping data for table `usuarios`
--

INSERT INTO `usuarios` (`no_empleado`, `nombre`, `apellido`, `usuario`, `password`, `idarea`, `idtipousuario`, `fecha`) VALUES
(1, 'jose Carlos', 'Sanchez Sanchez', 'aaaaaaaaaa', '123', 1, 2, '0000-00-00'),
(77, 'Francisco ', 'Velasco', '91862045', 'UXNsgC8p8I', 1, 1, '2017-10-18'),
(78, 'Fernando', 'Rodriguez Valero', '91665387', 'VlK6xiKLtL', 1, 1, '2017-10-31'),
(79, 'alma', 'martinez', '91506222', '8NXdkPW2wm', 11, 1, '2017-10-31'),
(80, 'arely', 'guadarrama', '91483871', '1B8ANUaa0a', 11, 1, '2017-10-31'),
(87, 'Gilberto Eduardo', 'Quiroz', '91472133', 'UiU5BU8p2m', 19, 1, '2017-11-01'),
(88, 'Veronica', 'Macias Cruz', '91700830', '77ByuoWrMX', 7, 1, '2017-11-01'),
(89, 'ERIK DANIEL', 'PEREZ MARTINEZ', '91766389', 'OWkO4MCGBO', 10, 1, '2017-11-01'),
(90, 'Oscar ', 'Alcantara', '91472767', '1vsah4Z3mQ', 8, 1, '2017-11-01'),
(91, 'ARTURO', 'LEON HERNANDEZ', '91474961', '6x6bsPeEz3', 5, 1, '2017-11-01'),
(92, 'Francico Javier ', 'Santiago Mondragon', '91767797', 'SwO8PRjBUO', 11, 1, '2017-11-01'),
(94, 'Jesus', 'Hernandez Iglesias', '91561251', 'q7X0LKtF2A', 8, 1, '2017-11-01'),
(95, 'Jose Carlos', 'Galindo', '91723643', 'BD56GOTajY', 7, 1, '2017-11-01'),
(96, 'Marco Antonio', 'Martinez', '91477986', 'AJsg4GwKpA', 7, 1, '2017-11-01'),
(97, 'Miguel', 'Hernandez', '91785133', 'g0I3wHALJ0', 8, 1, '2017-11-01'),
(98, 'Dario ', 'Jasso', '91457702', '82omPuGnAl', 5, 1, '2017-11-01'),
(99, 'JORGE', 'ORTEGA', '91462849', '1idg8P9d8s', 5, 1, '2017-11-01'),
(104, 'jorge', 'tirzo', '91977490', 'P5dZXFD4wA', 4, 1, '2017-11-01'),
(106, 'Adalberto', 'Benitez Valdez', '91460342', 'o8NIPfX1FP', 11, 1, '2017-11-01'),
(107, 'Alfredo', 'Mejia Serrano', '91479573', '5raZINE7mV', 5, 1, '2017-11-01'),
(108, 'Felipe', 'Jimenez', '91475210', 'JWGINgN20D', 3, 1, '2017-11-01'),
(109, 'ANDRES MARCOS', 'DOLORES CARDENAS', '91722059', 'OeZkVgwCTX', 6, 1, '2017-11-01'),
(110, 'Daniel', 'De Jess Morales', '91461868', '6MNWN3Hitv', 9, 1, '2017-11-02'),
(111, 'Diego Armando', 'Fernandez', '91477600', 'vXoYMZsVmN', 7, 1, '2017-11-02'),
(112, 'Emmanuel', 'Ramirez', '91520297', 'wS0iDUpeiS', 4, 1, '2017-11-02'),
(113, 'Miguel', 'Montalvo Patio', '91653925', 'HJc2DHKQM6', 1, 1, '2017-11-03'),
(114, 'Gilberto', 'Garcia', '91479788', 't9dYHGcFoR', 1, 1, '2017-11-03'),
(115, 'JOSE LUIS', 'HERNANDEZ', '91460832', 'hdnnzX5zat', 28, 1, '2017-11-03'),
(116, 'MIGUEL ANGEL', 'LINARES MARTINEZ', '91470386', 'bHlz1tfdKK', 7, 1, '2017-11-04'),
(117, 'Gerardo', 'garduno', '91589776', '1dIXHPIVnZ', 7, 1, '2017-11-05'),
(118, 'cesar', 'hernandez puebla', '91719617', 'DOKV7KtGUp', 8, 1, '2017-11-05'),
(119, 'Victor Jesus ', 'Mendez Velazquez', '91467372', 'bbWFDzCRkM', 6, 1, '2017-11-05'),
(120, 'Inocente', 'Cuero', '91464106', 'ecZxNRhV4U', 5, 1, '2017-11-06'),
(121, 'Minerva', 'Renedo Gonzalez', '91463795', 'Agx0FY42ue', 4, 1, '2017-11-06'),
(122, 'Erik Yair ', 'Luna Avila', '20998', 'XKZcFeAS2m', 22, 1, '2017-11-06'),
(123, 'belen', 'rubio camacho', '91308591', 'hEfygznumA', 27, 1, '2017-11-06'),
(124, 'Fabian', 'Flores Puente', '91820553', 'jeq7YvIbmX', 1, 1, '2017-11-06'),
(125, 'Emilio ', 'Ballesteros', '91806033', 'AOnMh36YrK', 3, 1, '2017-11-06'),
(126, 'Eduardo', 'Argueta Calderon', '91264921', 'XB8np1jPcn', 1, 1, '2017-11-06'),
(127, 'Silverio', 'Ferrer', '91817539', 'CakK1wXs7y', 1, 1, '2017-11-06'),
(128, 'CARLOS', 'RICO', '91471401', 'ExRV0oGhUJ', 8, 1, '2017-11-06'),
(129, 'Francisco Javier', 'Silva Gonzalez', '91483684', 'yUATvDUJjK', 5, 1, '2017-11-06'),
(130, 'Jazmn', 'Campos', '91309383', 'aBUpmSdl8K', 2, 1, '2017-11-06'),
(131, 'Olga ', 'Eremenko', '91529592', 'vk8BLLlpmx', 7, 1, '2017-11-06'),
(132, 'Israel', 'Villalva', '91471027', '3tLcfXXs6B', 7, 1, '2017-11-06'),
(133, 'ANEL', 'ISLAS LPEZ', '91467979', 'HJJ2dLBCMK', 13, 1, '2017-11-06'),
(134, 'Marco Antonio', 'Ayala', '91456810', 'tHcjGSlXOn', 30, 1, '2017-11-06'),
(135, 'MAURICIO', 'ROSAS', '91475274', 'jK8rXy6QyR', 4, 1, '2017-11-06'),
(136, 'Miguel Angel', 'Bejarano', '91266714', 'Z51e5NA6dg', 26, 1, '2017-11-06'),
(137, 'ruben', 'jimenez', '91457784', 'Q37e74ydwf', 1, 1, '2017-11-06'),
(138, 'Diego Armando ', 'Guadarrama', '91474676', 'dsXTculX6d', 2, 1, '2017-11-06'),
(139, 'Juan Manuel', 'Garca', '91886366', 'hdj28QacAc', 1, 1, '2017-11-06'),
(140, 'Roberto ', 'Leon', '91467256', 'kWazVEWfbP', 14, 1, '2017-11-06'),
(141, 'Jose Maria', 'Ceballos', '91819871', 'GwJuyXpdGb', 7, 1, '2017-11-06'),
(142, 'Carlos', 'Ruiz', '91265230', 'XJsqA08RYj', 23, 1, '2017-11-06'),
(143, 'angel', 'arzaluz', '91455875', 'Vxq3nNiVpD', 1, 1, '2017-11-06'),
(144, 'Hector', 'Jaures', '91455580', '0wHPMgKw5s', 9, 1, '2017-11-06'),
(145, 'Jos Antonio ', 'Aguilar Rivera', '91457579', 'j2h6WyEPlx', 23, 1, '2017-11-06'),
(146, 'Yair', 'Hernandez', '98415694', '1o9SoNk4Ez', 22, 1, '2017-11-06'),
(147, 'Yair', 'Hernandez', '91750582', '9rTyaDnYFw', 22, 1, '2017-11-06'),
(148, 'Leonardo Isaac', 'Gutirrez Montao ', '91908410', 'QJFABQLdVP', 2, 1, '2017-11-06'),
(149, 'Carlos', 'Hernandez Palacios', '91831817', 'NrtvUa1tmR', 2, 1, '2017-11-06'),
(150, 'Lorena', 'Hernndez ', '91470910', '0dewYeMnNv', 18, 1, '2017-11-06'),
(151, 'Herman Everardo', 'Gutierrez Mondragon', '91470108', 'BHCgIc843g', 22, 1, '2017-11-06'),
(152, 'Julio Francisco', 'Velazquez', '912474970', '06snl3nKJN', 2, 1, '2017-11-06'),
(153, 'Maria Guadalupe', 'Alonso Garduza', '91941124', 'tz3NfCqk6C', 1, 1, '2017-11-06'),
(154, 'Jose Guadalupe ', 'Legorreta Garcia', '91463036', 'V9HHX2aThK', 1, 1, '2017-11-06'),
(155, 'jose luis', 'julio', '91470055', 'UpF0t4paF4', 6, 1, '2017-11-06'),
(156, 'Mauricio', 'Garca Nez', '91472785', '8gFwV6CWGw', 4, 1, '2017-11-06'),
(157, 'Gerardo', 'Patoni', '91475005', '2feQv7BsEh', 2, 1, '2017-11-06'),
(158, 'mario', 'rodriguez', '91462073', 'aFpSodAn5a', 13, 1, '2017-11-06'),
(159, 'Daniel', 'Carrillo', '91480605', 'Av7UbUDxVN', 30, 1, '2017-11-06'),
(160, 'Salvador Ivan', 'velazquez', '91459176', 'xKpvhMnoR3', 4, 1, '2017-11-06'),
(161, 'Alvaro ', 'Mendoza', '91507908', 'CDEc2e8ruB', 5, 1, '2017-11-06'),
(162, 'Nohemi Liliana', 'De Jess Gonzlez', '91475158', 'jKKGenny9L', 13, 1, '2017-11-06'),
(163, 'Augusto Emmanuel', 'Gonzlez Alvarez', '91479975', 'ZAiXqwCfad', 12, 1, '2017-11-06'),
(164, 'JEOVANNY', 'RIVERO', '91565239', 'z3TeUIbvrm', 5, 1, '2017-11-07'),
(165, 'guillermo', 'perdomo', '91561242', '9CqcbIG4kA', 5, 1, '2017-11-07'),
(166, 'HILARIO', 'ALEGRIA', '91464507', 'sTKmf4RzBd', 5, 1, '2017-11-07'),
(167, 'ALDO', 'GUTIERREZ', '91837053', 'IVoZfCWcN3', 8, 1, '2017-11-07'),
(168, 'Gonzalo', 'Bernal', '91723511', 'ux0LQ53shT', 11, 1, '2017-11-07'),
(169, 'Gerardo', 'Jimenez De Leon', '91603858', 'EoRoVZ5VwD', 5, 1, '2017-11-07'),
(170, 'Aurelio', 'Solares', '91462643', '7wl4qkhXAA', 29, 1, '2017-11-07'),
(171, 'Carlos Enrique', 'Pedraza Cuarto', '91474998', 'Y7PsBdRQgP', 2, 1, '2017-11-07'),
(172, 'JUAM FRANCISCO', 'MARTINEZ', '91463063', 'oujOzlNy5N', 13, 1, '2017-11-07'),
(173, 'Benjamin', 'Martinex', '911466603', 'WBHsfDrcwF', 2, 1, '2017-11-07'),
(174, 'Lino', 'Barrios', '91467782', 'yyoy1byG2I', 2, 1, '2017-11-07'),
(175, 'Alan Ezequiel', 'Campuzano de la Cruz', '91727790', 'AH39goxtFV', 4, 1, '2017-11-07'),
(176, 'JUAN ISMAEL', 'GONZALEZ', '91475309', 'gZ3cj1Tfdv', 4, 1, '2017-11-07'),
(177, 'Juan Miguel', 'Honorato Gama', '91469762', 'QgkX6Xxldb', 1, 1, '2017-11-07'),
(178, 'Juan Manuel ', 'Naranjo Cardoso', '91467531', 'DeUEITn3Vv', 1, 1, '2017-11-07'),
(179, 'Humberto Angel', 'Barrera Chavez', '91476781', 'ZdjbwZf43V', 2, 1, '2017-11-07'),
(180, 'JOSE JOAQUIN ', 'LOPEZ VAZQUEZ', '91470046', 'PMYysWX0Wh', 2, 1, '2017-11-07'),
(181, 'Juan', 'Flores', '91456990', 'NuMHcITLPT', 4, 1, '2017-11-07'),
(182, 'Juan Carlos', 'Prez Almazn', '91479500', 'v6OWoA9j4v', 7, 1, '2017-11-07'),
(183, 'EVA', 'JARAMILLO', '91472598', 'tndYpSWc54', 23, 1, '2017-11-07'),
(184, 'FELIX', 'GARCIA', '91473294', 'dLUOR66QWZ', 2, 1, '2017-11-07'),
(185, 'Raul ', 'Nava', '91471474', 'lOQRmU2ThT', 6, 1, '2017-11-07'),
(186, 'Jos Carlos', 'Monroy Marure', '91693943', 'hq9ALT15wt', 1, 1, '2017-11-07'),
(187, 'Indira', 'Huerta', '91474658', 'gvRBIxJSVn', 4, 1, '2017-11-07'),
(188, 'Jose luis', 'gutierrez ramirez', '91662054', 'ncrAOZsfDX', 2, 1, '2017-11-07'),
(189, 'Mario Rodrigo', 'Mendez Peza', '91473631', 'XKeAxIYgSs', 2, 1, '2017-11-07'),
(190, 'alvaro', 'contreras', '91455839', 'KaqOajNlzv', 28, 1, '2017-11-07'),
(191, 'Laura', 'Andrade Olivares', '91600886', 'fzAfPZihS0', 2, 1, '2017-11-07'),
(192, 'laura', 'Andrade Olivares', '91610886', 'EC2KHhGcSi', 2, 1, '2017-11-07'),
(193, 'Fernando Jose', 'Ruiz Tavera', '91456525', 'XKjcVX3i2I', 10, 1, '2017-11-07'),
(194, 'Valentin', 'Monroy', '91467443', 'X2TLO9Uyqr', 6, 1, '2017-11-07'),
(195, 'Juan Gabriel', 'Mndez Velzquez', '91464311', 'CnITAdpZUJ', 3, 1, '2017-11-07'),
(196, 'Alberto', 'Romero Malvaez', '91858900', 'SH6i35S7r5', 1, 1, '2017-11-07'),
(197, 'Marco Antonio', 'Felix Rubi', '91621354', 'Dw5nilKAR0', 2, 1, '2017-11-07'),
(198, 'Juan Antonio', 'Valencia Flores', '91723302', 'UBYqm5KWji', 5, 1, '2017-11-07'),
(199, 'Isaac ', 'Hernandez', '91513433', 'jy6UTD279W', 1, 1, '2017-11-07'),
(200, 'Alejandro', 'Campos Mendez', '91624071', 'emthUqAkB6', 2, 1, '2017-11-07'),
(201, 'Pedro', 'Placido Cruz', '91469370', '2CzC5aJYdI', 6, 1, '2017-11-07'),
(202, 'porfirio', 'gomez', '91457659', 'EFUOGmdT8K', 7, 1, '2017-11-08'),
(203, 'RAUL', 'REYES QUIROZ', '91480188', 'Idsykh0OEz', 7, 1, '2017-11-08'),
(204, 'Fernando ', 'Lopez Ruiz', '91812831', 'P9oIqEPvxK', 32, 1, '2017-11-08'),
(205, 'CESAR', 'GARCES', '91561073', 'zDYdY0NLTg', 12, 1, '2017-11-08'),
(206, 'salvador jeovanny', 'terron romero', '91655652', 'AB4dad90cH', 13, 1, '2017-11-08'),
(207, 'ALFREDO ', 'VELAZQUEZ', '91465221', 'hqHUBxv5Cf', 2, 1, '2017-11-08'),
(208, 'Miguel', 'Rodriguez', '91513961', 'nhBVp83TS6', 10, 1, '2017-11-08'),
(209, 'Marco Antonio', 'Vazquez', '91471492', 'DFQNv2jYOA', 7, 1, '2017-11-08'),
(210, 'MANUEL', 'LAREDO', '91672438', 'wT8V1iGT8z', 1, 1, '2017-11-08'),
(211, 'Carlos ', 'Miranda', '91974300', 'snkHZVniOp', 1, 1, '2017-11-08'),
(212, 'Guillermo Pedro ', 'Mejia Martinez', '91465533', 'RjXswKkKlH', 15, 1, '2017-11-08'),
(213, 'zeferino', 'silva', '91464204', 'SmzOiVUE0Z', 1, 1, '2017-11-08'),
(214, 'GELACIO', 'GONZALEZ', '91462858', 'vBJAsZFS3T', 16, 1, '2017-11-08'),
(215, 'LAMBERTO ENRIQUE ', 'FARFAN', '91477655', 'yhFEjtLMHe', 5, 1, '2017-11-08'),
(216, 'GERARDO', 'GARCIA ZANABRIA', '91468120', 'dGqIRCpRPN', 15, 1, '2017-11-08'),
(217, 'FRANCISCO JAVIER', 'CASTAEDA GASPAR', '91473230', '68iDaO19jA', 1, 1, '2017-11-08'),
(218, 'Gustavo', 'Garcia Lino', '91463081', 'jtoBC4JiDw', 17, 1, '2017-11-08'),
(219, 'ALFONSO', 'ESTRADA SANTIAGO', '91463090', 'IrpQRqOdMW', 19, 1, '2017-11-08'),
(220, 'Agustin', 'Campuzano', '91892064', 'HuHSap73ow', 5, 1, '2017-11-08'),
(221, 'JOSE DE LA LUZ ', 'DELGADILLO', '91462616', '94I0UYwI30', 5, 1, '2017-11-08'),
(222, 'alberto', 'davalos', '91462983', 'EJ6hJpT4Ri', 4, 1, '2017-11-08'),
(223, 'Erik', 'Rivera ', '91478431', 'w6MrmfuSFg', 6, 1, '2017-11-08'),
(224, 'Aldo Enrique', 'Lara Madero', '91697089', 'Byxh2u95fd', 5, 1, '2017-11-08'),
(225, 'perfecto', 'gonzalez', '91476022', '59RTiaHfsZ', 2, 1, '2017-11-09'),
(226, 'Andres', 'Arzate', '91474621', '7tpP7wfPqt', 11, 1, '2017-11-09'),
(227, 'Alejandro', 'Rodriguez', '91723412', 'tWLPtxV7YT', 12, 1, '2017-11-09'),
(228, 'Alfredo', 'Morales', '91473409', 'Qk19RdILad', 18, 1, '2017-11-09'),
(229, 'EDGAR', 'LARA', '91653012', 'xiqIXzXQP0', 2, 1, '2017-11-09'),
(230, 'Rodolfo', 'Martinez Flores', '91480614', 'vIgEleLOLE', 11, 1, '2017-11-09'),
(231, 'Demiss Roberto', 'Gomez', '91479993', 'F7FwJKU7O1', 8, 1, '2017-11-09'),
(232, 'carlos', 'segundo', '91477682', 'YjvRNqMoyr', 8, 1, '2017-11-09'),
(233, 'Joel', 'Jimenez', '91466275', 'HsJ2TsOJ20', 5, 1, '2017-11-09'),
(234, 'Vicente', 'Espinosa', '91469361', '8dCQpx84m5', 3, 1, '2017-11-09'),
(235, 'Rodolfo', 'Bernal', '91468923', 'xGiGjKe2gq', 6, 1, '2017-11-09'),
(236, 'miguel angel', 'flores ', '91832972', 'SFt4q7zHPh', 2, 1, '2017-11-09'),
(237, 'MARIO', 'MENDOZA MANUEL', '91814217', '2wI2g1zTV9', 1, 1, '2017-11-09'),
(238, 'Filiberto', '   Salinas Carmona', '91480133', 'QFeM3YKPQ9', 8, 1, '2017-11-09'),
(239, 'JUAN GUSTAVO', 'CALZADA ', '91819937', 'psR8CLPrlP', 8, 1, '2017-11-09'),
(240, 'Alvaro Daniel', 'Coria', '10498129', 'xrxRwG5IpY', 9, 1, '2017-11-09'),
(241, 'Oscar', 'Garcia', '91832928', 'P6Mrh7IQJx', 11, 1, '2017-11-09'),
(242, 'francisco leonel', 'perez', '91479813', 'F53Kr9daIm', 7, 1, '2017-11-09'),
(243, 'cyndi', 'vazquez', '91780590', 'e24iea04UT', 7, 1, '2017-11-09'),
(244, 'jose luis', 'martinez cruz', '91782340', 'd88iXqaHdH', 7, 1, '2017-11-09'),
(245, 'RAFAEL', 'ROSAS', '91467808', '3jiIvP6bbZ', 4, 1, '2017-11-09'),
(246, 'Juan Manuel', 'Robles', '91479751', 'wIJDx3O7fY', 22, 1, '2017-11-10'),
(247, 'Angel Ulises', 'Nava', '91470180', 'IbtVNTKLD1', 22, 1, '2017-11-10'),
(248, 'Arturo', 'Silva', '91471866', 'hrhXx9IU1w', 1, 1, '2017-11-10'),
(249, 'David', 'Rosales', '91746886', 'uerGuhYeWy', 6, 1, '2017-11-10'),
(250, 'Carlos', 'Stein', '91456464', '9BX1I8FoTZ', 1, 1, '2017-11-10'),
(251, 'MARIBEL', 'VARGAS', '91473105', '3wWHFJpsSb', 7, 1, '2017-11-10'),
(252, 'Victor Luis ', 'Diaz Martinez', '91777378', 'LkSDL04RVG', 7, 1, '2017-11-10'),
(253, 'isidro ', 'capulin', '91463429', 'QE6FNHixXb', 12, 1, '2017-11-10'),
(254, 'luis octavio', 'yaxi lopez', '91619880', 'dOqVKrMfvr', 23, 1, '2017-11-10'),
(255, 'Luis Enrique ', 'Romero Villeda', '91826360', 'XnRdYAAgLH', 26, 1, '2017-11-10'),
(256, 'Luis Enrique ', 'Romero Villeda', '91836360', 'p6hoFklpe2', 26, 1, '2017-11-10'),
(257, 'Isaac', 'Jimenez', '91465114', 'Zu09D6R2GP', 13, 1, '2017-11-10'),
(258, 'Christian', 'Sanchez', '91658369', 'pNgTQ8IBio', 7, 1, '2017-11-10'),
(259, 'Emmanuel ', 'Yassi', '91696000', 'kyI7g1OMNO', 7, 1, '2017-11-10'),
(260, 'Ricardo', 'Romero Sanchez', '91710960', '1yuCiJVut2', 7, 1, '2017-11-10'),
(261, 'Jose', 'Cruz Valdes', '91461993', 'M9Z7JFXZM9', 4, 1, '2017-11-10'),
(262, 'Miguel Angel', 'Flores Rosas ', '91479252', 'U77vHu40tq', 13, 1, '2017-11-10'),
(263, 'Felix Santiago', 'Cortes Romero', '91473196', 'uwa12qvfr0', 4, 1, '2017-11-10'),
(264, 'Abelardo', 'martinez', '91462705', 'x4a2TwbpSh', 5, 1, '2017-11-10'),
(265, 'Jose Enrique', 'Sanchez Castro', '91833709', 'LH1jMQ0DqO', 5, 1, '2017-11-10'),
(266, 'Daniel', 'Preciado', '91469156', 'UkpyOiCwMQ', 3, 1, '2017-11-10'),
(267, 'francisco miguel', 'munoz', '91465301', '2R9yxxA9Zk', 1, 1, '2017-11-10'),
(268, 'Areli', 'Cleto', '91478645', 'U4pcXm9vxw', 12, 1, '2017-11-10'),
(269, 'Luis Enrique', 'suarez varon', '91477076', 'OWw4eILuPo', 17, 1, '2017-11-10'),
(270, 'MAURICIO ', 'LEDEZMA DOLORES', '91480972', 'y3Cac6AS2w', 35, 1, '2017-11-10'),
(271, 'Edwin ', 'Roaro Rico', '91470769', 'Yi927zYXE6', 4, 1, '2017-11-10'),
(272, 'MIGUEL ANGEL ', 'GUTIERREZ ARRIOLA', '91464071', 'P0D4XwwGlB', 4, 1, '2017-11-10'),
(273, 'Jeanett', 'Garcia', '91699289', 'inqOvzv04E', 22, 1, '2017-11-10'),
(274, 'Erik', 'Pichardo', '91819728', '4bnhXmJj9M', 26, 1, '2017-11-10'),
(275, 'Manuel Feliciano', 'Santana Garces', '91470976', 'MgFdwZT87W', 7, 1, '2017-11-10'),
(276, 'Manuel Feliciano', 'Santana Garces', '91460976', 'DzASZmpjqn', 7, 1, '2017-11-10'),
(277, 'Juan Carlos', 'Villanueva Espinoza', '91479877', 'pxc9nAJnDF', 3, 1, '2017-11-10'),
(278, 'EDGAR', 'ALVIRDE', '91472570', 'cvr4uCNx8e', 4, 1, '2017-11-10'),
(279, 'raul', 'almazan lara', '91781020', 'FSSlJcjf7p', 8, 1, '2017-11-10'),
(280, 'Blanca Ivonne', 'Mejia', '91482916', 'Xgehw6wQuc', 5, 1, '2017-11-10'),
(281, 'IVAR', 'JIMENEZ', '91478930', 'Rgc0rLaw1Q', 5, 1, '2017-11-10'),
(282, 'Sabino', 'Morales', '91463358', 'DD76NG44rF', 6, 1, '2017-11-10'),
(283, 'Edith', 'Mondragon', '91473098', 'XkN9NwyQxS', 15, 1, '2017-11-10'),
(284, 'leonardo', 'molina', '91477799', 'Sv0sQUu9qk', 7, 1, '2017-11-10'),
(285, 'Marco Antonio', 'Gutierrez Aguirre', '91948967', 'Zvs5H61cJW', 3, 1, '2017-11-11'),
(286, 'Juan Jose', 'Alvarado', '91476479', 'E2lbuglMHX', 7, 1, '2017-11-11'),
(287, 'ANA ELENA ', 'ALBARRAN FLORES', '91689290', 'J8lRkFNkHl', 7, 1, '2017-11-11'),
(288, 'Jose Luis David', 'Malvaez Estrada', '91470331', '96fNMxFjNE', 9, 1, '2017-11-11'),
(289, 'NORMA  ANGELICA ', 'RAMIREZ  BENITEZ', '91466952', 'LnDv5CKTop', 3, 1, '2017-11-11'),
(290, 'Gabriela', 'Camacho Sarmiento', '91776531', 'MMHjqFTnse', 11, 1, '2017-11-11'),
(291, 'Miguel Angel', 'Valdes Pea', '91477343', 'XtMNvC8Re3', 5, 1, '2017-11-11'),
(292, 'Samuel', 'Ambriz', '91361974', 'GKaaYoQx33', 12, 1, '2017-11-11'),
(293, 'Yazmin', 'Reyes Vazquez', '91473187', 'iRfkpkBnRN', 11, 1, '2017-11-11'),
(294, 'sandra', 'carbajal castro', '91469593', 'atwx5chOUa', 18, 1, '2017-11-11'),
(295, 'Jonny', 'Reyes', '91832983', 'drp2bVGZMt', 12, 1, '2017-11-11'),
(296, 'Rafael', 'pozas', '91461751', 'amVZIhqqwe', 8, 1, '2017-11-11'),
(297, 'jose ignacio', 'lara prospero', '91782350', 'TgAOPNjrP5', 8, 1, '2017-11-11'),
(298, 'BELEN ', 'COYOTE', '91611732', 'LetJaEKI8W', 11, 1, '2017-11-11'),
(299, 'JOSE PABLO ', 'PEREZ CHAVEZ', '91468898', 'D8mAsLmygs', 5, 1, '2017-11-11'),
(300, 'RODRIGO', 'CONTRERAS', '91507891', 'gEVHc0gib9', 5, 1, '2017-11-11'),
(301, 'DAMIAN', 'CLEMENTE MARTINEZ', '91464776', 'SNRJXEgUIP', 8, 1, '2017-11-11'),
(302, 'alvaro', 'teodoro', '91469147', 'PJmBpeLPMM', 11, 1, '2017-11-11'),
(303, 'Samuel', 'Gonzalez Leonides', '91464124', 'BCEK9h2FpW', 5, 1, '2017-11-11'),
(304, 'Maria Elena', 'Mejia', '91481551', 'VDcQGXN3yY', 11, 1, '2017-11-11'),
(305, 'RAUL', 'GONZALEZ FLORES', '91478342', 'iJnKwH3a43', 1, 1, '2017-11-11'),
(306, 'Milton', 'Ortega', '91458042', 'Yeh1pXN3EE', 8, 1, '2017-11-11'),
(307, 'Israel', 'Romero', '91458275', 'mF9Adz6XDm', 8, 1, '2017-11-11'),
(308, 'edgar gerardo', 'hernandez fabela', '91475345', 'Cpm4jLmekD', 7, 1, '2017-11-11'),
(309, 'LETICIA ', 'ESQUIVEL', '91876451', 'FIgpJMyGfn', 30, 1, '2017-11-11'),
(310, 'leticia ', 'esquivel', '91476451', 'C1z9hv1gYa', 30, 1, '2017-11-11'),
(311, 'omar jovani', 'luna', '91472696', 'W9BrEl9nnu', 5, 1, '2017-11-11'),
(312, 'GERSON ROBERTO', 'MULIA PALOMINO', '91474916', 'OlskX4yAk9', 4, 1, '2017-11-12'),
(313, 'jorge manuel ', 'cuero', '91481212', '7ABgVcrXqI', 2, 1, '2017-11-12'),
(314, 'MIGUEL ANGEL', 'MORENO', '91463223', 'kxDQ9AJ4Df', 4, 1, '2017-11-12'),
(315, 'Alberto ', 'Montes', '91464605', 'exXXRJsv0M', 4, 1, '2017-11-12'),
(316, 'Efrain Omar', 'Liceaga Sanchez', '91471848', 'Dd1z7TlhEN', 11, 1, '2017-11-12'),
(317, 'marco antonio', 'vallejo lesdesma', '91478468', 'lzE6AFR4Zo', 6, 1, '2017-11-12'),
(318, 'Jose Antonio', 'Peralta Rojas', '91662142', 'NCJCFSl8dk', 22, 1, '2017-11-12'),
(319, 'Jose Luis E.', 'Montes de oCa', '91466088', 'HbGi1C3TuH', 9, 1, '2017-11-12'),
(320, 'Claudia', 'Madero', '91723390', 'ZRJHLZUHvl', 22, 1, '2017-11-12'),
(321, 'MA. CANDELARIA', 'RICO GRIMALDO', '91472286', '9WGSCOKFll', 11, 1, '2017-11-12'),
(322, 'Alejandro', 'Geronimo Gutierrez', '91652704', 'NEbOwjsGgE', 3, 1, '2017-11-13'),
(323, 'Fabiola ', 'Prez', '91470643', '8IJPB8XaWj', 18, 1, '2017-11-13'),
(324, 'TANIA', 'RAMIREZ', '91781019', 'nXgYYXHz6x', 4, 1, '2017-11-13'),
(325, 'ISRAEL', 'ROMERO HERNANDEZ', '91475176', 'Dlllfjabcv', 10, 1, '2017-11-13'),
(326, 'DANIEL', 'TORRES', '91467844', 'svGsvWKWPU', 10, 1, '2017-11-13'),
(327, 'JOANA IVETH', 'GARCIA ESPINARES', '91689246', 'ow97FXYiO3', 7, 1, '2017-11-13'),
(328, 'EDGAR GEOVANI', 'MONDRAGON ROSALES', '91652594', 'yjgJ9GsHXc', 4, 1, '2017-11-13'),
(329, 'Juan Carlos ', 'Diaz Bernal ', '91697122', 'jqqThbu4Lm', 5, 1, '2017-11-13'),
(330, 'Jesus', 'Diaz', '91959660', 'xuuARbrtA9', 26, 1, '2017-11-13'),
(331, 'Juan ', 'Santillan', '91461804', 'L3gA1hg540', 8, 1, '2017-11-13'),
(332, 'Daniela ', 'Leyva ', '91556091', 'dwQW1QuDTz', 2, 1, '2017-11-13'),
(333, 'JONATHAN', 'BUELNA', '91569710', 'c16h1PPoIQ', 4, 1, '2017-11-13'),
(334, 'Alan', 'Gutierrez Saucedo', '91948021', 'N8KclIhyDY', 26, 1, '2017-11-13'),
(335, 'ALBERTO', 'MEJIA GONZALEZ', '91461742', 'bO6qQL7wT5', 1, 1, '2017-11-13'),
(336, 'Ricardo', 'Gonzlez', '91622400', 'HxrndCLmac', 5, 1, '2017-11-13'),
(337, 'angel', 'araujo', '91456366', 'vh9iyTu6jG', 1, 1, '2017-11-13'),
(338, 'Juan Carlos ', 'Nava', '91479804', 'zQzlgMR8oJ', 7, 1, '2017-11-13'),
(339, 'german ', 'gonzalez gonzalez', '91461822', 'pa5GFzueb6', 22, 1, '2017-11-13'),
(340, 'Aaron Ivan ', 'Santillan Delgado', '91765333', 'DMaWQn2f7h', 7, 1, '2017-11-13'),
(341, 'JULIO CESAR ', 'RUEDA ROSALES', '91718099', 'nE11bg8XuV', 9, 1, '2017-11-14'),
(342, 'Alejandro', 'Martinez', '91687277', 'ZSOq3ZgU6p', 7, 1, '2017-11-14'),
(343, 'sergio', 'ballina', '91653089', '9DlgT0v1VR', 10, 1, '2017-11-14'),
(344, 'Juan Francisco', 'Jimenez Campos', '91145318', 'OXESMScCNh', 7, 1, '2017-11-14'),
(345, 'GUSTAVO BRYAN', 'SALINAS ROMERO', '91955523', '8zt5AEBy22', 10, 1, '2017-11-14'),
(346, 'jose alejandro', 'suarez segura', '91909301', 'IWZ9hic2zD', 10, 1, '2017-11-14'),
(347, 'omar ', 'colin rivera ', '91483559', 'JJOnNpxH8g', 2, 1, '2017-11-14'),
(348, 'Octavio', 'Trejo', '91770514', '7HUBJktqNG', 22, 1, '2017-11-14'),
(349, 'Nicolas ', ' Mendoza Uribe', '91462224', 'NHJeOeDWgd', 18, 1, '2017-11-14'),
(350, 'Jose Maria ', 'Martinez Gutierrez', '91377374', 'KlO7HAbdLe', 1, 1, '2017-11-14'),
(351, 'Arturo', 'Martinez Hernandez', '91461608', 'ncoQLM0uYW', 18, 1, '2017-11-14'),
(352, 'Abraham', 'Zuiga', '91804450', 'vLnrhCZP8z', 1, 1, '2017-11-14'),
(353, 'JANETTE', 'FUENTES MORALES ', '91507409', 'xNrA30AYiW', 2, 1, '2017-11-14'),
(354, 'Elizabeth', 'Antonio Santos', '91723665', 'St48rK4wrA', 23, 1, '2017-11-14'),
(355, 'CARLOS', 'ROMERO', '91470448', 'e3aakNLfVh', 10, 1, '2017-11-14'),
(356, 'Maricruz', 'Reyes Sanchez', '91478459', 'dVEAMwT6i8', 21, 1, '2017-11-14'),
(357, 'Christian Antonio', 'Castaeda Gomez', '91470260', 'QWYxIHowV8', 1, 1, '2017-11-14'),
(358, 'marco antonio ', 'gonzalez almazan ', '91602555', 'xd12AUxZ8T', 11, 1, '2017-11-14'),
(359, 'alvaro', 'valdes ', '91589767', 'nubCHl7GGK', 6, 1, '2017-11-14'),
(360, 'leonardo jerson ', 'velazquez', '91836910', 'aI508RivRO', 13, 1, '2017-11-14'),
(361, 'Patricia', 'Reyes Tarango', '91468157', 'Dgxw0u3jl0', 10, 1, '2017-11-14'),
(362, 'LEONARDA', 'GONZALEZ MORALES', '91470242', 'EBRs86a1Q1', 10, 1, '2017-11-14'),
(363, 'Magda', 'Loyola', '91481864', '4XtnWJLdCc', 22, 1, '2017-11-14'),
(364, 'Maria de Lourdes ', 'Jimenez Martinez', '91475737', '2Aq5kwH2M2', 25, 1, '2017-11-14'),
(365, 'Pedro', 'Palma', '91655234', 'vAMXI3juF0', 10, 1, '2017-11-14'),
(366, 'hugo eduardo ', 'diaz martinez', '91690984', 'WQGVHaTiDE', 9, 1, '2017-11-14'),
(367, 'JESUS', 'IBARRA', '91462527', 'Y91e3TXOlb', 5, 1, '2017-11-14'),
(368, 'DIONICIO', 'AZOTEA ROMERO', '91461939', 'YU89SVuz3c', 5, 1, '2017-11-14'),
(369, 'Jazmin Kenia', 'Manjarrez Camacho', '91781734', 'IWD4VurVB9', 4, 1, '2017-11-14'),
(370, 'Jonathan', 'Ortega Luja', '91602537', 'ADv7HEm55O', 4, 1, '2017-11-14'),
(371, 'Dianey Ariday', 'Guadarrama Gutierrez', '91808112', '3DcLqsLPpP', 2, 1, '2017-11-14'),
(372, 'Pedro Abraham', 'Rojas Velazquez', '91477628', 'vMdtWlm7P7', 9, 1, '2017-11-14'),
(373, 'cipriano', 'gutierrez', '91462397', '8yh6jHMJzp', 11, 1, '2017-11-14'),
(374, 'GABRIEL', 'ESTRADA', '91697090', 'hv5ONoljRy', 22, 1, '2017-11-14'),
(375, 'Adrian Eugenio ', 'vargas vargas', '91464945', 'v8wzxfqJys', 9, 1, '2017-11-14'),
(376, 'Juan Miguel', 'Soto Farrera', '91475185', 'BxaL2jmX4z', 25, 1, '2017-11-14'),
(377, 'BERNABE', 'GARCIA', '91825063', 'TK6LBzlaIT', 5, 1, '2017-11-14'),
(378, 'Mario', 'Dotor', '91466248', '0hAecAL4qM', 22, 1, '2017-11-14'),
(379, 'Jesus', 'Morales Morales', '91910390', 'h7ikkIw7sT', 25, 1, '2017-11-14'),
(380, 'MARIO', 'ROJAS ZARCO', '91462199', 'KGq3IRDbMa', 18, 1, '2017-11-14'),
(381, 'Alfredo', 'Dorantes Mendoza', '91777950', 'AP5Vr3IHIA', 5, 1, '2017-11-14'),
(382, 'alejandro', 'martinez', '91455483', '26Wdc4j8JA', 29, 1, '2017-11-14'),
(383, 'Jonnatan ', 'Martinez', '91955480', 'v00nUgKMQk', 10, 1, '2017-11-14'),
(384, 'Jesica Jazmin ', 'Cuadros de la Cruz ', '91723654', 'Z8M6oJljEn', 10, 1, '2017-11-14'),
(385, 'Victor Hugo ', 'Peralta Velazquez', '91465310', 'N5414OphV2', 2, 1, '2017-11-14'),
(386, 'Jose Luis', 'Farfan Neri', '91475149', 'l0u2Us3GNO', 11, 1, '2017-11-15'),
(387, 'Ricardo', 'Ramirez Silva', '91464366', 'tdWCTrJ8JP', 2, 1, '2017-11-15'),
(388, 'Juan Jesus', 'Gonzalez', '91455492', 'sOdOQ6Avjv', 2, 1, '2017-11-15'),
(389, 'Everardo', 'Davila', '91462313', 'Oq3340qa0R', 9, 1, '2017-11-15'),
(390, 'Maria Teresa', 'Fernandez', '91468521', 'U5yLxCqCxc', 9, 1, '2017-11-15'),
(391, 'Jose Martin', 'Rubio Rivera', '91661097', 'EAocBJoXtk', 22, 1, '2017-11-15'),
(392, 'Maria del Carmen', 'Guzman Reyes', '91480357', 'VPrngzZ7uH', 22, 1, '2017-11-15'),
(393, 'Eduardo ', 'Vallejo Meneses', '91625490', 'tR4YRMvZkT', 11, 1, '2017-11-15'),
(394, 'Gustavo Javier ', 'Snchez Romero', '91483666', 'VEWxj1Ozfa', 6, 1, '2017-11-15'),
(395, 'Jorge Enrique', 'Delgado Len', '91625391', 'yoe8BPM3iC', 11, 1, '2017-11-15'),
(396, 'Rogelio ', 'Duran', '91462661', 'o9hwzD4Fmr', 5, 1, '2017-11-15'),
(397, 'Juan', 'Hernandez', '91476647', 'WnQFU5IInq', 21, 1, '2017-11-15'),
(398, 'Erick', 'Urrutia', '91472516', 'kAzTfeEfr1', 4, 1, '2017-11-15'),
(399, 'Fernando', 'Gonzalez de la Cruz', '91467041', '21KUCwxGA9', 4, 1, '2017-11-15'),
(400, 'leandro', 'hernandez  mulia ', '91719606', 'x4FVNLdoGf', 8, 1, '2017-11-15'),
(401, 'Hugo', 'Alcantara', '91470251', 'k9EHj7lsc4', 1, 1, '2017-11-15'),
(402, 'sergio luis ', 'Cuarenta Firo', '91481114', 'srcbnkq1rB', 2, 1, '2017-11-15'),
(403, 'Fernando', 'Robles', '91455731', 'WdLH1AUfNQ', 1, 1, '2017-11-15'),
(404, 'Jose Leonardo ', 'Martinez Miranda', '91469058', 'UPWJLGO2tL', 1, 1, '2017-11-15'),
(405, 'Maria Eugenia', 'Osorio Santander', '91472838', 'KRFeEuqLTP', 1, 1, '2017-11-15'),
(406, 'ivan', 'santos', '91690445', 'L61W8UJnGP', 11, 1, '2017-11-15'),
(407, 'Norma Alicia', 'Vazquez ', '91465597', 'jkDL68PLGb', 2, 1, '2017-11-15'),
(408, 'ITZEL ABIGAIL', 'VAZQUEZ HERNANDEZ', '91782108', 'x6mfUuAFaw', 6, 1, '2017-11-15'),
(409, 'Crescencio', 'Molina', '91466435', '2AQ52rR3AD', 2, 1, '2017-11-15'),
(411, 'mirella', 'hernandez', '91463731', 'lzWwRm6w8K', 5, 1, '2017-11-15'),
(412, 'Lizbeth Marlen ', 'Guadarrama Gutierrez', '91481793', 'ZbnXLrzYnK', 12, 1, '2017-11-15'),
(413, 'Victor', 'Reyes', '91462055', 'nnPQYDs2cK', 23, 1, '2017-11-15'),
(414, 'ERNESTO FERMIN', 'NIETO DOMINGUEZ', '91464062', 'zpMlZUKxZL', 23, 1, '2017-11-15'),
(415, 'Everardo', 'Garces', '91483568', 'dEurRbVIWd', 7, 1, '2017-11-15'),
(416, 'JORGE', 'JARAMILLO ESQUIVEL', '91478299', 'Dosw6qK8Jx', 6, 1, '2017-11-15'),
(417, 'Raziel Clemente ', 'avila Jimenez', '91782119', 'JNqNtnRWgp', 4, 1, '2017-11-15'),
(418, 'Miguel Angel', 'Jimenez ', '91613384', '2bt4fT5QsD', 6, 1, '2017-11-15'),
(419, 'jesus', 'velazco', '91361116', 'YiZBCxENc0', 12, 1, '2017-11-15'),
(420, 'Fernando', 'Martinez Reyes', '91625370', 'bvNIazczk4', 12, 1, '2017-11-15'),
(421, 'Maria de los Angeles', 'Medina', '91625567', 'YvQXPOOTgT', 12, 1, '2017-11-15'),
(422, 'CLAUDIA', 'SANDOVAL BARRON', '91783098', 'fRaDO1jtgY', 3, 1, '2017-11-15'),
(423, 'antonio', 'caballero', '91671624', 'rOSa9bcLHS', 6, 1, '2017-11-15'),
(424, 'OSVALDO', 'VENTA', '91663396', 'FrZgH6N8ai', 11, 1, '2017-11-15'),
(425, 'Alejandro', 'Prado Garcia', '91470126', 'hzaGkYmpfQ', 4, 1, '2017-11-15'),
(426, 'ELOY', 'COLIN', '91462714', 'CHgutYDrI6', 7, 1, '2017-11-16'),
(427, 'Martin', 'Mercado', '91473846', 'ysNrPvfruG', 6, 1, '2017-11-16'),
(428, 'MIGUEL ANGEL', 'AGUILAR RODEA', '91477584', 'OG7myfTEZZ', 8, 1, '2017-11-16'),
(429, 'Maria Magdalena', 'Flores Salinas', '91701434', '8LpXPNp6fx', 22, 1, '2017-11-16'),
(430, 'LUIS ENRIQUE', 'FIRO VENTOLERO', '91670260', 'QrQhqHx4N3', 6, 1, '2017-11-16'),
(431, 'ANEL', 'ARRIAGA', '91710993', 'Md88yBfeOq', 23, 1, '2017-11-16'),
(432, 'jorge ', 'soto garcia', '91465472', 'LQ6tMAJFjD', 6, 1, '2017-11-16'),
(433, 'manuel', 'ortega fuentes', '91462821', 'u3IBdqootz', 6, 1, '2017-11-16'),
(434, 'Gustavo', 'Orozco Flores', '91465329', 'B1cj4dy0XT', 6, 1, '2017-11-16'),
(435, 'andres', 'islas', '91464348', '3c60sYo2qO', 6, 1, '2017-11-16'),
(436, 'JOSE PABLO', 'SANCHEZ LANDA', '91475407', 'QdNj0PG4c9', 6, 1, '2017-11-16'),
(437, 'rosalina', 'Alarcon', '91470590', 'vqpvED1V8L', 5, 1, '2017-11-16'),
(438, 'ALFREDO', 'NUNEZ MORALES', '91781030', 'j6m5dQihwa', 7, 1, '2017-11-16'),
(439, 'Brian', 'Vazquez', '91710938', 'STaXlJaNXX', 22, 1, '2017-11-16'),
(440, 'Antonio', 'Matias', '91470377', '4uW7ybJpc9', 4, 1, '2017-11-16'),
(441, 'ARMANDO', 'CORNEJO', '91468709', 'QuI3cNx1KL', 5, 1, '2017-11-16'),
(442, 'jose luis', 'aguilar', '91466113', 'QANsCI88f6', 4, 1, '2017-11-16'),
(443, 'Abel', 'Martinez', '91471045', 'tUbnfdNiBj', 6, 1, '2017-11-16'),
(444, 'abel', 'martinez garcia', '91781943', 'HumRG2wKN6', 30, 1, '2017-11-16'),
(445, 'NICOLAS', 'ANTOLIN', '91468763', 'UYPKuVCvtp', 23, 1, '2017-11-16'),
(446, 'MARTIN RAFAEL', 'DELGADO CUADRIELLO', '91461813', 'Tjd4Aq4Fl8', 4, 1, '2017-11-16'),
(447, 'Salvador', 'Armada Ortega', '91469806', 'wfKbF9hIN3', 6, 1, '2017-11-16'),
(448, 'ROBERTO', 'RIVERO', '91471535', 'xvUhgFvZNc', 4, 1, '2017-11-16'),
(449, 'Angelica ', 'Araujo  Martinez ', '91906144', 'GL6KpjHHyJ', 5, 1, '2017-11-16'),
(450, 'DAVID', 'TIBURCIO CHAVEZ', '91479779', 'xX1c2RVXUk', 30, 1, '2017-11-16'),
(451, 'BEATRIZ', 'LEON', '91472810', 'BhtLpRc4cA', 9, 1, '2017-11-16'),
(452, 'Csar Guadalupe', 'Lara Carbajal', '91473748', 'FKbY1NI1UQ', 35, 1, '2017-11-16'),
(453, 'santiago ', 'Gil', '91462493', 'lwT2VAqJPW', 9, 1, '2017-11-16'),
(454, 'GABRIELA MARTINA ', 'SANTANA', '91782097', '2d6zgaDYs7', 10, 1, '2017-11-16'),
(455, 'Adan', 'Nolasco', '91471250', 'qbwe75rZ6R', 6, 1, '2017-11-16'),
(456, 'Concepcion', 'Bautista', '91478020', 'cFkl7f6box', 3, 1, '2017-11-16'),
(457, 'idalia de lourdes', 'martinez trujillo', '91667444', 'YVLJLhXkBT', 1, 1, '2017-11-16'),
(458, 'Jonathan Antonio', 'Flores Solis', '91830420', 'wVxCxn6uBt', 9, 1, '2017-11-16'),
(459, 'roberto', 'diaz castillo', '91471063', 'AANXDI0AFv', 9, 1, '2017-11-16'),
(460, 'Ricardo', 'Retana', '91470420', 'PTDUWp9x4D', 9, 1, '2017-11-16'),
(461, 'Victoria', 'Beltran Cuellar', '91478761', 'Uf7OKRw5hy', 12, 1, '2017-11-16'),
(462, 'Emma Laura', 'Fabela Sanchez', '91868580', '2hiTBGkvKx', 12, 1, '2017-11-16'),
(463, 'jose enrique', 'nava entzana', '91472990', '1qZAkOJ08H', 6, 1, '2017-11-16'),
(464, 'Alberto', 'Gil', '91821444', 'VJZNq2DRSy', 12, 1, '2017-11-16'),
(465, 'Leopoldo', 'Segoviano Luna', '91470698', 'ARrV6DKVLE', 12, 1, '2017-11-16'),
(466, 'MARCOS ', 'TRUJILLO', '91463857', '5K02j3wPiu', 2, 1, '2017-11-16'),
(467, 'Yasmin', 'Pea Rubio', '91909312', 'a0LJlluq19', 6, 1, '2017-11-17'),
(468, 'FERNANDO', 'ROSALES', '91479626', 'SxneR7wiqE', 6, 1, '2017-11-17'),
(469, 'Jose Roberto', 'Cruz', '91913646', 'g50XwOI25d', 6, 1, '2017-11-17'),
(470, 'HUGO', 'TAPIA ', '91731981', 'iy4uKj7IkP', 22, 1, '2017-11-17'),
(471, 'Gilberto', 'santivaez', '91475915', 'zalAMF1moA', 22, 1, '2017-11-17'),
(472, 'leonel ', 'guadarrama severiano', '91468442', 'RWNhrFF2Ry', 4, 1, '2017-11-17'),
(473, 'Maria del Rosario ', 'chavez carbajal', '91468246', 'PpYVEHumel', 12, 1, '2017-11-17'),
(474, 'Cristina', 'Contreras Sanchez', '91474122', 'j8LDcCNZSc', 12, 1, '2017-11-17'),
(475, 'Samuel', 'Medrano', '91459620', 'PAQU5knmKo', 7, 1, '2017-11-17'),
(476, 'Luis Alberto', 'fierro', '91822885', 'td0YDzG7J7', 9, 1, '2017-11-17'),
(477, 'Maria del Carmen ', 'Romero', '91470439', '0qGOirrHdX', 4, 1, '2017-11-17'),
(478, 'JESUS', 'ESCALONA', '91479190', '7Ka4EopJhl', 6, 1, '2017-11-17'),
(479, 'francisco javier', 'corral cienega', '91729077', 'qeMacXyPfp', 6, 1, '2017-11-17'),
(480, 'uriel', 'lara aranda', '91723687', 'RNLNAh0vMk', 6, 1, '2017-11-17'),
(481, 'Carlos Ivan', 'Santillan Bobadilla', '91625501', '0qMAgC57Cs', 9, 1, '2017-11-17'),
(482, 'lauro', 'martinez', '91471394', 'u6L6cd4nmO', 6, 1, '2017-11-17'),
(483, 'daniel', 'yedra', '91470162', 'dhzXJMMWfW', 23, 1, '2017-11-17'),
(484, 'Adan Ulises ', 'Valencia', '91467461', 'ncH0CLsRsa', 22, 1, '2017-11-17'),
(485, 'Alfredo', 'Gutirrez', '91457258', 'OqQBS0pATU', 5, 1, '2017-11-17'),
(486, 'Victor Gabriel', 'Hernndez', '91473034', 'GhwCh4rldy', 15, 1, '2017-11-17'),
(487, 'MA. CRISTINA', 'PATIO BENITEZ', '91464892', 'g5G4Uympu5', 17, 1, '2017-11-17'),
(488, 'Luis ', 'Martinez', '91467817', '33jXuGYLBM', 9, 1, '2017-11-17'),
(489, 'RODOLFO', 'CARMONA REYES', '91667565', 'm3QYmlrxXW', 6, 1, '2017-11-17'),
(490, 'JESUS CARLOS ', 'GONZALEZ GARCIA', '91652638', '96AwJDM7Wl', 22, 1, '2017-11-17'),
(491, 'Victor Alfonso', 'Menera', '91625534', 'KyppCVTIzF', 9, 1, '2017-11-17'),
(492, ' Salvador', 'Lara', '91483586', 'dZ5LlU2uHL', 8, 1, '2017-11-17'),
(493, 'Francisco Javier', 'Candelas Romero', '91764607', '4fuU06ZQEr', 1, 1, '2017-11-17'),
(494, 'jaime', 'arriaga perez', '91461948', 'QVsiQOrU05', 6, 1, '2017-11-17'),
(495, 'Erik Ivan', 'Villanueva Flores ', '91804119', 'y5FAdPbsCd', 6, 1, '2017-11-17'),
(496, 'antonio', 'osorio', '91662197', 'ncRPn2X8es', 22, 1, '2017-11-17'),
(497, 'Pedro', 'Hernandez', '91464231', 'XCuH9tUOZJ', 6, 1, '2017-11-17'),
(498, 'GUSTAVO ', 'PEREZ CALZADA ', '91785067', 'Qcj9DVmu4R', 6, 1, '2017-11-17'),
(499, 'MARTIN ', 'VILCHIS', '91462046', '40elcgMn28', 13, 1, '2017-11-17'),
(500, 'ENRIQUE', 'EVANGELISTA', '91463009', 'DUBiFAA7q4', 6, 1, '2017-11-17'),
(501, 'Vicente', 'Flores Hernandez', '91801061', 'eSNMjV8oSp', 6, 1, '2017-11-18'),
(502, 'Esthela', 'Javier Montes de Oca', '91784044', 'lOmadUimJi', 22, 1, '2017-11-18'),
(503, 'VICTOR MANUEL', 'MARTINEZ GOMEZ', '91795594', 'gzJZkWUb4x', 5, 1, '2017-11-18'),
(504, 'Laura', 'Albarran', '91475960', 'rtMQTB1H4W', 3, 1, '2017-11-18'),
(505, 'Erik', 'Bolaos', '91472534', 'XxFUjnE7sf', 4, 1, '2017-11-18'),
(506, 'OSCAR', 'FLORES ALONSO', '91462108', '34MDJv1awv', 11, 1, '2017-11-18'),
(507, 'Rigoberto', 'Campuzano', '91478743', '4O8eoUk6lV', 6, 1, '2017-11-18'),
(508, 'HECTOR ', 'DIAZ', '91729000', 'H4CgWW9LFU', 6, 1, '2017-11-18'),
(509, 'MIGUEL ANGEL', 'RODRIGUEZ JASSO', '91619132', 'DSw9NoAMVQ', 6, 1, '2017-11-18'),
(510, 'HUGO', 'FIRO COYOTE', '91474872', 'bn9I9GjvAi', 4, 1, '2017-11-18'),
(511, 'samuel ', 'saldana palma', '91469575', 'M5mMc5cNJy', 4, 1, '2017-11-18'),
(512, 'JOSE LUZ', 'GARCIA', '91507855', 'JeyG7Fah9X', 11, 1, '2017-11-18'),
(513, 'Angel Arturo', 'Carlos Roriguez', '91357080', 'X1OZdJGHvu', 12, 1, '2017-11-19'),
(514, 'vicente', 'gutierrez', '91473418', 'Zm65VZMG8n', 6, 1, '2017-11-19'),
(515, 'pedro', 'nava', '91836833', 'gvEd2LN8Hk', 3, 1, '2017-11-19'),
(516, 'carlos marcelino', 'calzada albarran', '91467620', '6P29cAbGIa', 7, 1, '2017-11-19'),
(517, 'JOEL ', 'FLORES BETANCOURT', '91472400', '7l6XfHG6JK', 12, 1, '2017-11-19'),
(518, 'cipriano', 'gutierrez', '91462395', 'velORTDMLS', 11, 1, '2017-11-19'),
(519, 'Erick', 'Gomez Robles ', '91726239', 'jIeJXD7jts', 6, 1, '2017-11-19'),
(521, 'luis antonio', 'martinez romero', '91913635', 'GpLeWPxxei', 22, 1, '2017-11-19'),
(522, 'JOSE LUIS', 'RODRIGUEZ ', '91471009', 'ndrCeQ797Q', 10, 1, '2017-11-19'),
(523, 'CESAR ', 'PERALTA  ROBLES ', '91480730', 'SfK38AhPip', 6, 1, '2017-11-19'),
(524, 'antolin', 'gonzalez', '91464099', 'aRUDfFROj5', 6, 1, '2017-11-20'),
(525, 'Eduardo', 'Aguilar ', '91625380', 'h39Dc1be5x', 11, 1, '2017-11-20'),
(526, 'Agustin', 'Romero Hernandez', '91464142', 'SzcQ91CDwX', 6, 1, '2017-11-20'),
(527, 'Isaias ', 'Flores', '91467318', 'TpwqCLyC0T', 6, 1, '2017-11-20'),
(528, 'Francisco Javier ', 'martinez ', '91613357', 'ewtw3fFVAb', 6, 1, '2017-11-20'),
(529, 'Fernando Erick', 'Hernandez Ortega', '91480286', 'DzFc7TNW14', 13, 1, '2017-11-20'),
(530, 'Armando julio', 'Jimenez lugo', '91662330', 'lf87Tu0mqf', 6, 1, '2017-11-20'),
(531, 'Omar Eduardo', 'Santana Daz', '91777720', 'fSgbftX8CP', 6, 1, '2017-11-20'),
(532, 'josue leonardo ', 'tapia avila ', '91589758', 'vkypTrwNoF', 8, 1, '2017-11-20'),
(533, 'Tito', 'Zamora', '91462304', 'kdelkve767', 8, 1, '2017-11-20'),
(534, 'gerardo', 'arriola', '91488288', 'TYU3hgfNY8', 3, 1, '2017-11-20'),
(535, 'Luis Alfonso', 'Rubio Snchez', '91906562', 'nquKVX34tm', 12, 1, '2017-11-20'),
(536, 'cesar', 'de jesus', '91723467', 'BvjkrfcqYk', 8, 1, '2017-11-20'),
(537, 'alejandro', 'segundo ', '91488331', 'L5a3ECirbD', 3, 1, '2017-11-21'),
(538, 'ADRIANA', 'HERNANDEZ', '91658292', 'rpd3NdHwU9', 22, 1, '2017-11-21'),
(539, 'eleazar ', 'hernandez garduno', '91472446', 'Z5atGKXDfp', 6, 1, '2017-11-21'),
(540, 'rene antonio', 'rios ramirez', '91476166', 'x2zrv6rjez', 8, 1, '2017-11-21'),
(541, 'nestor abraham ', 'espinoza castillo', '91701423', 'lUfx3tRKW9', 6, 1, '2017-11-21'),
(542, 'Berenice ', 'Embati', '91474042', 'WOIBWR1U0G', 7, 1, '2017-11-21'),
(543, 'Agustin', 'Sanchez', '91476950', 'sb3QnBRVQj', 7, 1, '2017-11-21'),
(544, 'hector', 'hernandez', '91466266', 'uoJwKIJm97', 8, 1, '2017-11-21'),
(545, 'Raymundo', 'Gonzalez', '91463349', 'Jz5kAClpd4', 6, 1, '2017-11-21'),
(546, 'GERARDO', 'MONTES DE OCA SANTIAGO', '91470750', 'ZORUaXIjWh', 4, 1, '2017-11-21'),
(547, 'Agustin', 'Sanchez', '91476050', '9Tb0N6KzDg', 7, 1, '2017-11-21'),
(548, 'edgar ', 'davila', '91819970', '7SksMyae1A', 8, 1, '2017-11-21'),
(549, 'jonathan', 'rangel', '91820290', 'hJr6nQ9KjT', 7, 1, '2017-11-21'),
(550, 'Roberto Emmanuel', 'Rosales De Jesus', '91697967', 'Tscpx4NcNO', 8, 1, '2017-11-21'),
(551, 'Roberto Emmanuel', 'Rosales De Jesus', '91697067', 'C8p28qqXFL', 8, 1, '2017-11-21'),
(552, 'Hilda', 'Nava', '91782372', 'vsCFyqSult', 22, 1, '2017-11-21'),
(553, 'Eduardo ', 'Gonzalez Garcia', '91766378', 'Y9TWQgHIou', 22, 1, '2017-11-21'),
(554, 'Rutilo', 'Garces', '91473597', 'LNBP3COpIY', 7, 1, '2017-11-21'),
(555, 'eduardo', 'gonzalez pachco', '91465178', 'qFv3N0eNV9', 8, 1, '2017-11-21'),
(556, 'benigno', 'cedillo contreras', '91470858', 'TUElfMSUka', 9, 1, '2017-11-21'),
(557, 'martin', 'cruz', '91780843', 'W9ocxpxyHy', 7, 1, '2017-11-21'),
(558, 'MARTHA', 'MIRANDA', '91475559', 'mRri9131ik', 7, 1, '2017-11-21'),
(559, 'Isaac ', 'Reyes', '91145538', 'S7AFt10cLf', 7, 1, '2017-11-21'),
(560, 'Rene', 'Torres', '91471820', '2lJUflSS3q', 9, 1, '2017-11-21'),
(561, 'ANGEL', 'MARTINEZ', '91471811', 'nCQa8J7xdG', 8, 1, '2017-11-22'),
(562, 'JOSE LUIS ', 'ESTRADA ', '91476664', 'PSDDY9g7Ci', 7, 1, '2017-11-22'),
(563, 'Adrian ', 'Gonzalez Jimenez', '91957162', 'FjwqdT3zom', 22, 1, '2017-11-22'),
(564, 'Luis Eduardo', 'Martinez rOMERO', '91906584', 'KO1uHZsZT1', 12, 1, '2017-11-22'),
(565, 'Isaias', 'Palomares', '91457418', 'WMQ0u2BWhp', 6, 1, '2017-11-22'),
(566, 'Enrique ', 'Arriaga', '91468095', 'QuNFEFak2b', 3, 1, '2017-11-22'),
(567, 'Josias', 'Albarran', '91472856', 'bR8L676UcR', 7, 1, '2017-11-22'),
(568, 'CHRISTIAN', 'LAGUNAS', '91475014', 'pJFHGgqrfg', 7, 1, '2017-11-22'),
(569, 'Angel ', 'Quiroz', '91479644', 'n07GYGSyEL', 7, 1, '2017-11-23'),
(570, 'JAASIEL', 'SOTELO ROSSANO', '91470402', 'z3Fe3g4KZG', 8, 1, '2017-11-23'),
(571, 'miguel angel', 'gonzalez garcia', '91476932', 'aSz84rFwf5', 8, 1, '2017-11-23'),
(572, 'GILBERTO ', 'SOTERO AGUSTIN', '91479859', 'A46rCkKq8J', 8, 1, '2017-11-23');

--
-- Indexes for dumped tables
--

--
-- Indexes for table `area`
--
ALTER TABLE `area`
  ADD PRIMARY KEY (`idarea`);

--
-- Indexes for table `calificacion`
--
ALTER TABLE `calificacion`
  ADD PRIMARY KEY (`idcalificacion`),
  ADD KEY `idexamen` (`idexamen`),
  ADD KEY `no_empleado` (`no_empleado`),
  ADD KEY `idestatus` (`idestatus`),
  ADD KEY `idarea` (`idarea`);

--
-- Indexes for table `crearexamen`
--
ALTER TABLE `crearexamen`
  ADD PRIMARY KEY (`idcrear`),
  ADD KEY `idpregunta` (`idpregunta`),
  ADD KEY `idexamen` (`idexamen`);

--
-- Indexes for table `estatus`
--
ALTER TABLE `estatus`
  ADD PRIMARY KEY (`idestatus`);

--
-- Indexes for table `examen`
--
ALTER TABLE `examen`
  ADD PRIMARY KEY (`idexamen`);

--
-- Indexes for table `modulos`
--
ALTER TABLE `modulos`
  ADD PRIMARY KEY (`idmodulo`),
  ADD KEY `idexamen` (`idexamen`),
  ADD KEY `no_empleado` (`no_empleado`);

--
-- Indexes for table `pregunta`
--
ALTER TABLE `pregunta`
  ADD PRIMARY KEY (`idpregunta`);

--
-- Indexes for table `tipousuario`
--
ALTER TABLE `tipousuario`
  ADD PRIMARY KEY (`idtipousuario`);

--
-- Indexes for table `usuarios`
--
ALTER TABLE `usuarios`
  ADD PRIMARY KEY (`no_empleado`),
  ADD KEY `idtipousuario` (`idtipousuario`),
  ADD KEY `idarea` (`idarea`);

--
-- AUTO_INCREMENT for dumped tables
--

--
-- AUTO_INCREMENT for table `area`
--
ALTER TABLE `area`
  MODIFY `idarea` int(11) NOT NULL AUTO_INCREMENT, AUTO_INCREMENT=37;
--
-- AUTO_INCREMENT for table `calificacion`
--
ALTER TABLE `calificacion`
  MODIFY `idcalificacion` int(11) NOT NULL AUTO_INCREMENT, AUTO_INCREMENT=1323;
--
-- AUTO_INCREMENT for table `crearexamen`
--
ALTER TABLE `crearexamen`
  MODIFY `idcrear` int(11) NOT NULL AUTO_INCREMENT, AUTO_INCREMENT=33;
--
-- AUTO_INCREMENT for table `estatus`
--
ALTER TABLE `estatus`
  MODIFY `idestatus` int(11) NOT NULL AUTO_INCREMENT, AUTO_INCREMENT=3;
--
-- AUTO_INCREMENT for table `examen`
--
ALTER TABLE `examen`
  MODIFY `idexamen` int(11) NOT NULL AUTO_INCREMENT, AUTO_INCREMENT=4;
--
-- AUTO_INCREMENT for table `modulos`
--
ALTER TABLE `modulos`
  MODIFY `idmodulo` int(11) NOT NULL AUTO_INCREMENT, AUTO_INCREMENT=2309;
--
-- AUTO_INCREMENT for table `pregunta`
--
ALTER TABLE `pregunta`
  MODIFY `idpregunta` int(11) NOT NULL AUTO_INCREMENT, AUTO_INCREMENT=88;
--
-- AUTO_INCREMENT for table `tipousuario`
--
ALTER TABLE `tipousuario`
  MODIFY `idtipousuario` int(11) NOT NULL AUTO_INCREMENT, AUTO_INCREMENT=3;
--
-- AUTO_INCREMENT for table `usuarios`
--
ALTER TABLE `usuarios`
  MODIFY `no_empleado` int(11) NOT NULL AUTO_INCREMENT, AUTO_INCREMENT=573;
--
-- Constraints for dumped tables
--

--
-- Constraints for table `calificacion`
--
ALTER TABLE `calificacion`
  ADD CONSTRAINT `calificacion_ibfk_1` FOREIGN KEY (`idexamen`) REFERENCES `examen` (`idexamen`),
  ADD CONSTRAINT `calificacion_ibfk_2` FOREIGN KEY (`no_empleado`) REFERENCES `usuarios` (`no_empleado`),
  ADD CONSTRAINT `calificacion_ibfk_3` FOREIGN KEY (`idestatus`) REFERENCES `estatus` (`idestatus`),
  ADD CONSTRAINT `calificacion_ibfk_4` FOREIGN KEY (`idarea`) REFERENCES `area` (`idarea`);

--
-- Constraints for table `crearexamen`
--
ALTER TABLE `crearexamen`
  ADD CONSTRAINT `crearexamen_ibfk_1` FOREIGN KEY (`idpregunta`) REFERENCES `pregunta` (`idpregunta`),
  ADD CONSTRAINT `crearexamen_ibfk_2` FOREIGN KEY (`idexamen`) REFERENCES `examen` (`idexamen`);

--
-- Constraints for table `modulos`
--
ALTER TABLE `modulos`
  ADD CONSTRAINT `modulos_ibfk_1` FOREIGN KEY (`idexamen`) REFERENCES `examen` (`idexamen`),
  ADD CONSTRAINT `modulos_ibfk_2` FOREIGN KEY (`no_empleado`) REFERENCES `usuarios` (`no_empleado`);

--
-- Constraints for table `usuarios`
--
ALTER TABLE `usuarios`
  ADD CONSTRAINT `usuarios_ibfk_1` FOREIGN KEY (`idtipousuario`) REFERENCES `tipousuario` (`idtipousuario`),
  ADD CONSTRAINT `usuarios_ibfk_2` FOREIGN KEY (`idarea`) REFERENCES `area` (`idarea`),
  ADD CONSTRAINT `usuarios_ibfk_3` FOREIGN KEY (`idarea`) REFERENCES `area` (`idarea`),
  ADD CONSTRAINT `usuarios_ibfk_4` FOREIGN KEY (`idarea`) REFERENCES `area` (`idarea`);
COMMIT;

/*!40101 SET CHARACTER_SET_CLIENT=@OLD_CHARACTER_SET_CLIENT */;
/*!40101 SET CHARACTER_SET_RESULTS=@OLD_CHARACTER_SET_RESULTS */;
/*!40101 SET COLLATION_CONNECTION=@OLD_COLLATION_CONNECTION */;
